<?xml version="1.0" encoding="UTF-8" standalone="yes"?>
<Content>
    <Views>
        <ViewDef id="cc9166c7-c9c4-4259-a177-6f20950425d2">
            <Title>[DEMO] VDI - Access Control - WS1 - Nodes</Title>
            <Description/>
            <SubjectType adapterKind="IdentityManagerAdapter" resourceKind="IdentityManagerClusterNode" type="descendant"/>
            <SubjectType adapterKind="IdentityManagerAdapter" resourceKind="IdentityManagerClusterNode" type="self"/>
            <Usage>dashboard</Usage>
            <Usage>report</Usage>
            <Usage>details</Usage>
            <Usage>content</Usage>
            <Controls>
                <Control id="time-interval-selector_id_73" type="time-interval-selector" visible="false">
                    <Property name="advancedTimeMode" value="false"/>
                    <Property name="unit" value="MINUTES"/>
                    <Property name="count" value="10"/>
                </Control>
                <Control id="attributes-selector_id_74" type="attributes-selector" visible="false">
                    <Property name="attributeInfos">
                        <List>
                            <Item>
<Value>
    <Property name="objectType" value="RESOURCE"/>
    <Property name="attributeKey" value="badge|health"/>
    <Property name="preferredUnitId" value="percent"/>
    <Property name="isStringAttribute" value="false"/>
    <Property name="adapterKind" value="IdentityManagerAdapter"/>
    <Property name="resourceKind" value="IdentityManagerClusterNode"/>
    <Property name="rollUpType" value="NONE"/>
    <Property name="rollUpCount" value="0"/>
    <Property name="transformations">
        <List>
            <Item value="CURRENT"/>
        </List>
    </Property>
    <Property name="sortCriteria" value="true"/>
    <Property name="isProperty" value="false"/>
    <Property name="yellowBound" value="90"/>
    <Property name="orangeBound" value="70"/>
    <Property name="redBound" value="50"/>
    <Property name="ascendingRange" value="true"/>
    <Property name="displayName" value="Health"/>
    <Property name="addTimestampAsColumn" value="false"/>
    <Property name="isShowRelativeTimestamp" value="false"/>
</Value>
                            </Item>
                            <Item>
<Value>
    <Property name="objectType" value="RESOURCE"/>
    <Property name="attributeKey" value="config|status"/>
    <Property name="id" value="extModel5368-2"/>
    <Property name="isStringAttribute" value="true"/>
    <Property name="adapterKind" value="IdentityManagerAdapter"/>
    <Property name="resourceKind" value="IdentityManagerClusterNode"/>
    <Property name="rollUpCount" value="0"/>
    <Property name="transformations">
        <List>
            <Item value="CURRENT"/>
        </List>
    </Property>
    <Property name="sortCriteria" value="true"/>
    <Property name="isProperty" value="false"/>
    <Property name="yellowBound" value="WARNING"/>
    <Property name="redBound" value="CRITICAL"/>
    <Property name="ascendingRange" value="true"/>
    <Property name="displayName" value="Node Status"/>
    <Property name="addTimestampAsColumn" value="false"/>
    <Property name="isShowRelativeTimestamp" value="false"/>
</Value>
                            </Item>
                            <Item>
<Value>
    <Property name="objectType" value="RESOURCE"/>
    <Property name="attributeKey" value="Super Metric|sm_55b37b42-fc9f-455a-98ad-54a433157340"/>
    <Property name="preferredUnitId" value="percent"/>
    <Property name="isStringAttribute" value="false"/>
    <Property name="adapterKind" value="IdentityManagerAdapter"/>
    <Property name="resourceKind" value="IdentityManagerClusterNode"/>
    <Property name="rollUpType" value="NONE"/>
    <Property name="rollUpCount" value="0"/>
    <Property name="transformations">
        <List>
            <Item value="CURRENT"/>
        </List>
    </Property>
    <Property name="sortCriteria" value="true"/>
    <Property name="isProperty" value="false"/>
    <Property name="yellowBound" value="90"/>
    <Property name="orangeBound" value="70"/>
    <Property name="redBound" value="50"/>
    <Property name="ascendingRange" value="true"/>
    <Property name="displayName" value="Elastic Health"/>
    <Property name="addTimestampAsColumn" value="false"/>
    <Property name="isShowRelativeTimestamp" value="false"/>
</Value>
                            </Item>
                            <Item>
<Value>
    <Property name="objectType" value="RESOURCE"/>
    <Property name="attributeKey" value="Super Metric|sm_107a8e86-f06a-409c-bbe1-990869231286"/>
    <Property name="isStringAttribute" value="false"/>
    <Property name="adapterKind" value="IdentityManagerAdapter"/>
    <Property name="resourceKind" value="IdentityManagerClusterNode"/>
    <Property name="rollUpType" value="NONE"/>
    <Property name="rollUpCount" value="0"/>
    <Property name="transformations">
        <List>
            <Item value="CURRENT"/>
        </List>
    </Property>
    <Property name="isProperty" value="false"/>
    <Property name="displayName" value="Elastic Indices"/>
    <Property name="addTimestampAsColumn" value="false"/>
    <Property name="isShowRelativeTimestamp" value="false"/>
</Value>
                            </Item>
                            <Item>
<Value>
    <Property name="objectType" value="RESOURCE"/>
    <Property name="attributeKey" value="Super Metric|sm_0494a38c-4edf-4f1a-9f8d-ab8b7c394543"/>
    <Property name="isStringAttribute" value="false"/>
    <Property name="adapterKind" value="IdentityManagerAdapter"/>
    <Property name="resourceKind" value="IdentityManagerClusterNode"/>
    <Property name="rollUpType" value="NONE"/>
    <Property name="rollUpCount" value="0"/>
    <Property name="transformations">
        <List>
            <Item value="CURRENT"/>
        </List>
    </Property>
    <Property name="isProperty" value="false"/>
    <Property name="displayName" value="Elastic Docs"/>
    <Property name="addTimestampAsColumn" value="false"/>
    <Property name="isShowRelativeTimestamp" value="false"/>
</Value>
                            </Item>
                            <Item>
<Value>
    <Property name="objectType" value="RESOURCE"/>
    <Property name="attributeKey" value="Super Metric|sm_41833255-dbfa-4dc6-9687-5cedde76cae6"/>
    <Property name="isStringAttribute" value="false"/>
    <Property name="adapterKind" value="IdentityManagerAdapter"/>
    <Property name="resourceKind" value="IdentityManagerClusterNode"/>
    <Property name="rollUpType" value="NONE"/>
    <Property name="rollUpCount" value="0"/>
    <Property name="transformations">
        <List>
            <Item value="CURRENT"/>
        </List>
    </Property>
    <Property name="isProperty" value="false"/>
    <Property name="displayName" value="Elastic U-Shards"/>
    <Property name="addTimestampAsColumn" value="false"/>
    <Property name="isShowRelativeTimestamp" value="false"/>
</Value>
                            </Item>
                            <Item>
<Value>
    <Property name="objectType" value="RESOURCE"/>
    <Property name="attributeKey" value="Super Metric|sm_47bb7be7-9cbf-4956-bb22-9b5338f060b1"/>
    <Property name="preferredUnitId" value="percent"/>
    <Property name="isStringAttribute" value="false"/>
    <Property name="adapterKind" value="IdentityManagerAdapter"/>
    <Property name="resourceKind" value="IdentityManagerClusterNode"/>
    <Property name="rollUpType" value="NONE"/>
    <Property name="rollUpCount" value="0"/>
    <Property name="transformations">
        <List>
            <Item value="CURRENT"/>
        </List>
    </Property>
    <Property name="sortCriteria" value="true"/>
    <Property name="isProperty" value="false"/>
    <Property name="yellowBound" value="90"/>
    <Property name="orangeBound" value="70"/>
    <Property name="redBound" value="50"/>
    <Property name="ascendingRange" value="true"/>
    <Property name="displayName" value="RMQ Health"/>
    <Property name="addTimestampAsColumn" value="false"/>
    <Property name="isShowRelativeTimestamp" value="false"/>
</Value>
                            </Item>
                            <Item>
<Value>
    <Property name="objectType" value="RESOURCE"/>
    <Property name="attributeKey" value="Super Metric|sm_300ec039-382a-494f-a74a-b636bc3ac20f"/>
    <Property name="isStringAttribute" value="false"/>
    <Property name="adapterKind" value="IdentityManagerAdapter"/>
    <Property name="resourceKind" value="IdentityManagerClusterNode"/>
    <Property name="rollUpType" value="NONE"/>
    <Property name="rollUpCount" value="0"/>
    <Property name="transformations">
        <List>
            <Item value="CURRENT"/>
        </List>
    </Property>
    <Property name="isProperty" value="false"/>
    <Property name="displayName" value="RMQ Queues"/>
    <Property name="addTimestampAsColumn" value="false"/>
    <Property name="isShowRelativeTimestamp" value="false"/>
</Value>
                            </Item>
                            <Item>
<Value>
    <Property name="objectType" value="RESOURCE"/>
    <Property name="attributeKey" value="System Attributes|total_alert_count"/>
    <Property name="id" value="extModel5368-3"/>
    <Property name="isStringAttribute" value="false"/>
    <Property name="adapterKind" value="IdentityManagerAdapter"/>
    <Property name="resourceKind" value="IdentityManagerClusterNode"/>
    <Property name="rollUpType" value="NONE"/>
    <Property name="rollUpCount" value="0"/>
    <Property name="transformations">
        <List>
            <Item value="CURRENT"/>
        </List>
    </Property>
    <Property name="sortCriteria" value="false"/>
    <Property name="isProperty" value="false"/>
    <Property name="yellowBound" value="0.1"/>
    <Property name="orangeBound" value="0.2"/>
    <Property name="redBound" value="0.3"/>
    <Property name="ascendingRange" value="false"/>
    <Property name="displayName" value="Alerts"/>
    <Property name="addTimestampAsColumn" value="false"/>
    <Property name="isShowRelativeTimestamp" value="false"/>
</Value>
                            </Item>
                        </List>
                    </Property>
                </Control>
                <Control id="pagination-control_id_75" type="pagination-control" visible="true">
                    <Property name="start" value="0"/>
                    <Property name="size" value="50"/>
                </Control>
                <Control id="metadata_id_76" type="metadata" visible="false">
                    <Property name="maxPointsCount" value="5000"/>
                    <Property name="hideObjectNameColumn" value="false"/>
                    <Property name="listTopResultSize" value="-1"/>
                </Control>
            </Controls>
            <DataProviders>
                <DataProvider dataType="list-view" id="list-view_id_72"/>
            </DataProviders>
            <Presentation type="list"/>
        </ViewDef>
        <ViewDef id="9016d8b3-5a6b-4982-a7a2-527900631316">
            <Title>[DEMO] VDI - User</Title>
            <Description/>
            <SubjectType adapterKind="HorizonAdapter" filter="[[{&quot;condition&quot;:&quot;GREATER_THAN&quot;,&quot;transform&quot;:&quot;CURRENT&quot;,&quot;metricKey&quot;:&quot;badge|health&quot;,&quot;metricValue&quot;:{&quot;isStringMetric&quot;:false,&quot;value&quot;:0},&quot;businessHours&quot;:false,&quot;filterType&quot;:&quot;metrics&quot;}]]" resourceKind="User" type="descendant"/>
            <SubjectType adapterKind="HorizonAdapter" filter="[[{&quot;condition&quot;:&quot;GREATER_THAN&quot;,&quot;transform&quot;:&quot;CURRENT&quot;,&quot;metricKey&quot;:&quot;badge|health&quot;,&quot;metricValue&quot;:{&quot;isStringMetric&quot;:false,&quot;value&quot;:0},&quot;businessHours&quot;:false,&quot;filterType&quot;:&quot;metrics&quot;}]]" resourceKind="User" type="self"/>
            <Usage>dashboard</Usage>
            <Usage>report</Usage>
            <Usage>details</Usage>
            <Usage>content</Usage>
            <Controls>
                <Control id="time-interval-selector_id_1938" type="time-interval-selector" visible="false">
                    <Property name="advancedTimeMode" value="false"/>
                    <Property name="unit" value="MINUTES"/>
                    <Property name="count" value="10"/>
                </Control>
                <Control id="attributes-selector_id_1939" type="attributes-selector" visible="false">
                    <Property name="attributeInfos">
                        <List>
                            <Item>
<Value>
    <Property name="objectType" value="RESOURCE"/>
    <Property name="attributeKey" value="badge|health"/>
    <Property name="preferredUnitId" value="percent"/>
    <Property name="isStringAttribute" value="false"/>
    <Property name="adapterKind" value="HorizonAdapter"/>
    <Property name="resourceKind" value="User"/>
    <Property name="rollUpType" value="NONE"/>
    <Property name="rollUpCount" value="0"/>
    <Property name="transformations">
        <List>
            <Item value="CURRENT"/>
        </List>
    </Property>
    <Property name="sortCriteria" value="true"/>
    <Property name="isProperty" value="false"/>
    <Property name="yellowBound" value="90"/>
    <Property name="orangeBound" value="70"/>
    <Property name="redBound" value="50"/>
    <Property name="ascendingRange" value="true"/>
    <Property name="displayName" value="Health"/>
    <Property name="addTimestampAsColumn" value="false"/>
    <Property name="isShowRelativeTimestamp" value="false"/>
</Value>
                            </Item>
                            <Item>
<Value>
    <Property name="objectType" value="RESOURCE"/>
    <Property name="attributeKey" value="vdiDesktop|cpu|usageAvg"/>
    <Property name="preferredUnitId" value="percent"/>
    <Property name="isStringAttribute" value="false"/>
    <Property name="adapterKind" value="HorizonAdapter"/>
    <Property name="resourceKind" value="User"/>
    <Property name="rollUpType" value="NONE"/>
    <Property name="rollUpCount" value="0"/>
    <Property name="transformations">
        <List>
            <Item value="CURRENT"/>
        </List>
    </Property>
    <Property name="sortCriteria" value="false"/>
    <Property name="isProperty" value="false"/>
    <Property name="yellowBound" value="50"/>
    <Property name="orangeBound" value="70"/>
    <Property name="redBound" value="90"/>
    <Property name="ascendingRange" value="false"/>
    <Property name="displayName" value="CPU Usage"/>
    <Property name="addTimestampAsColumn" value="false"/>
    <Property name="isShowRelativeTimestamp" value="false"/>
</Value>
                            </Item>
                            <Item>
<Value>
    <Property name="objectType" value="RESOURCE"/>
    <Property name="attributeKey" value="vdiDesktop|memory|pageInRatePerSecondAvg"/>
    <Property name="preferredUnitId" value="117"/>
    <Property name="isStringAttribute" value="false"/>
    <Property name="adapterKind" value="HorizonAdapter"/>
    <Property name="resourceKind" value="User"/>
    <Property name="rollUpType" value="NONE"/>
    <Property name="rollUpCount" value="0"/>
    <Property name="transformations">
        <List>
            <Item value="CURRENT"/>
        </List>
    </Property>
    <Property name="sortCriteria" value="false"/>
    <Property name="isProperty" value="false"/>
    <Property name="yellowBound" value="1"/>
    <Property name="orangeBound" value="5"/>
    <Property name="redBound" value="10"/>
    <Property name="ascendingRange" value="false"/>
    <Property name="displayName" value="Page-In"/>
    <Property name="addTimestampAsColumn" value="false"/>
    <Property name="isShowRelativeTimestamp" value="false"/>
</Value>
                            </Item>
                            <Item>
<Value>
    <Property name="objectType" value="RESOURCE"/>
    <Property name="attributeKey" value="vdiDesktop|memory|pageOutRatePerSecondAvg"/>
    <Property name="preferredUnitId" value="117"/>
    <Property name="isStringAttribute" value="false"/>
    <Property name="adapterKind" value="HorizonAdapter"/>
    <Property name="resourceKind" value="User"/>
    <Property name="rollUpType" value="NONE"/>
    <Property name="rollUpCount" value="0"/>
    <Property name="transformations">
        <List>
            <Item value="CURRENT"/>
        </List>
    </Property>
    <Property name="sortCriteria" value="false"/>
    <Property name="isProperty" value="false"/>
    <Property name="yellowBound" value="10"/>
    <Property name="orangeBound" value="30"/>
    <Property name="redBound" value="100"/>
    <Property name="ascendingRange" value="false"/>
    <Property name="displayName" value="Page-Out"/>
    <Property name="addTimestampAsColumn" value="false"/>
    <Property name="isShowRelativeTimestamp" value="false"/>
</Value>
                            </Item>
                            <Item>
<Value>
    <Property name="objectType" value="RESOURCE"/>
    <Property name="attributeKey" value="System Attributes|total_alert_count"/>
    <Property name="isStringAttribute" value="false"/>
    <Property name="adapterKind" value="HorizonAdapter"/>
    <Property name="resourceKind" value="User"/>
    <Property name="rollUpType" value="NONE"/>
    <Property name="rollUpCount" value="0"/>
    <Property name="transformations">
        <List>
            <Item value="CURRENT"/>
        </List>
    </Property>
    <Property name="sortCriteria" value="false"/>
    <Property name="isProperty" value="false"/>
    <Property name="yellowBound" value="0.1"/>
    <Property name="orangeBound" value="0.2"/>
    <Property name="redBound" value="0.3"/>
    <Property name="ascendingRange" value="false"/>
    <Property name="displayName" value="Alerts"/>
    <Property name="addTimestampAsColumn" value="false"/>
    <Property name="isShowRelativeTimestamp" value="false"/>
</Value>
                            </Item>
                        </List>
                    </Property>
                </Control>
                <Control id="pagination-control_id_1940" type="pagination-control" visible="true">
                    <Property name="start" value="0"/>
                    <Property name="size" value="25"/>
                </Control>
                <Control id="metadata_id_1941" type="metadata" visible="false">
                    <Property name="maxPointsCount" value="5000"/>
                    <Property name="hideObjectNameColumn" value="false"/>
                    <Property name="listTopResultSize" value="-1"/>
                </Control>
            </Controls>
            <DataProviders>
                <DataProvider dataType="list-view" id="list-view_id_1937"/>
            </DataProviders>
            <Presentation type="list"/>
        </ViewDef>
        <ViewDef id="ba4c1639-b493-431c-b323-f0fb20f64467">
            <Title>[DEMO] VDI -Access Control - WS1 - IDM</Title>
            <Description/>
            <SubjectType adapterKind="IdentityManagerAdapter" resourceKind="IdentityManagerAdapterInstance" type="descendant"/>
            <SubjectType adapterKind="IdentityManagerAdapter" resourceKind="IdentityManagerAdapterInstance" type="self"/>
            <Usage>dashboard</Usage>
            <Usage>report</Usage>
            <Usage>details</Usage>
            <Usage>content</Usage>
            <Controls>
                <Control id="time-interval-selector_id_1901" type="time-interval-selector" visible="false">
                    <Property name="advancedTimeMode" value="false"/>
                    <Property name="unit" value="MINUTES"/>
                    <Property name="count" value="10"/>
                </Control>
                <Control id="attributes-selector_id_1902" type="attributes-selector" visible="false">
                    <Property name="attributeInfos">
                        <List>
                            <Item>
<Value>
    <Property name="objectType" value="RESOURCE"/>
    <Property name="attributeKey" value="badge|health"/>
    <Property name="id" value="extModel10586-1"/>
    <Property name="preferredUnitId" value="percent"/>
    <Property name="isStringAttribute" value="false"/>
    <Property name="adapterKind" value="IdentityManagerAdapter"/>
    <Property name="resourceKind" value="IdentityManagerAdapterInstance"/>
    <Property name="rollUpType" value="NONE"/>
    <Property name="rollUpCount" value="0"/>
    <Property name="transformations">
        <List>
            <Item value="CURRENT"/>
        </List>
    </Property>
    <Property name="sortCriteria" value="true"/>
    <Property name="isProperty" value="false"/>
    <Property name="yellowBound" value="90"/>
    <Property name="orangeBound" value="70"/>
    <Property name="redBound" value="50"/>
    <Property name="ascendingRange" value="true"/>
    <Property name="displayName" value="Health"/>
    <Property name="addTimestampAsColumn" value="false"/>
    <Property name="isShowRelativeTimestamp" value="false"/>
</Value>
                            </Item>
                            <Item>
<Value>
    <Property name="objectType" value="RESOURCE"/>
    <Property name="attributeKey" value="Super Metric|sm_f27205dd-4bac-4a22-8a13-38ff16be5c99"/>
    <Property name="preferredUnitId" value="percent"/>
    <Property name="isStringAttribute" value="false"/>
    <Property name="adapterKind" value="IdentityManagerAdapter"/>
    <Property name="resourceKind" value="IdentityManagerAdapterInstance"/>
    <Property name="rollUpType" value="NONE"/>
    <Property name="rollUpCount" value="0"/>
    <Property name="transformations">
        <List>
            <Item value="CURRENT"/>
        </List>
    </Property>
    <Property name="sortCriteria" value="true"/>
    <Property name="isProperty" value="false"/>
    <Property name="yellowBound" value="99"/>
    <Property name="orangeBound" value="90"/>
    <Property name="redBound" value="80"/>
    <Property name="ascendingRange" value="true"/>
    <Property name="displayName" value="Elastic Health"/>
    <Property name="addTimestampAsColumn" value="false"/>
    <Property name="isShowRelativeTimestamp" value="false"/>
</Value>
                            </Item>
                            <Item>
<Value>
    <Property name="objectType" value="RESOURCE"/>
    <Property name="attributeKey" value="Super Metric|sm_bccd1080-283b-495c-9a86-273695a30272"/>
    <Property name="preferredUnitId" value="percent"/>
    <Property name="isStringAttribute" value="false"/>
    <Property name="adapterKind" value="IdentityManagerAdapter"/>
    <Property name="resourceKind" value="IdentityManagerAdapterInstance"/>
    <Property name="rollUpType" value="NONE"/>
    <Property name="rollUpCount" value="0"/>
    <Property name="transformations">
        <List>
            <Item value="CURRENT"/>
        </List>
    </Property>
    <Property name="sortCriteria" value="true"/>
    <Property name="isProperty" value="false"/>
    <Property name="yellowBound" value="99"/>
    <Property name="orangeBound" value="90"/>
    <Property name="redBound" value="80"/>
    <Property name="ascendingRange" value="true"/>
    <Property name="displayName" value="RMQ Health"/>
    <Property name="addTimestampAsColumn" value="false"/>
    <Property name="isShowRelativeTimestamp" value="false"/>
</Value>
                            </Item>
                            <Item>
<Value>
    <Property name="objectType" value="RESOURCE"/>
    <Property name="attributeKey" value="auditActivity|uniqueuserlogins"/>
    <Property name="id" value="extModel10586-4"/>
    <Property name="isStringAttribute" value="false"/>
    <Property name="adapterKind" value="IdentityManagerAdapter"/>
    <Property name="resourceKind" value="IdentityManagerAdapterInstance"/>
    <Property name="rollUpType" value="NONE"/>
    <Property name="rollUpCount" value="0"/>
    <Property name="transformations">
        <List>
            <Item value="CURRENT"/>
        </List>
    </Property>
    <Property name="isProperty" value="false"/>
    <Property name="displayName" value="Login Users"/>
    <Property name="addTimestampAsColumn" value="false"/>
    <Property name="isShowRelativeTimestamp" value="false"/>
</Value>
                            </Item>
                            <Item>
<Value>
    <Property name="objectType" value="RESOURCE"/>
    <Property name="attributeKey" value="audit|totalUsers"/>
    <Property name="id" value="extModel10586-3"/>
    <Property name="isStringAttribute" value="false"/>
    <Property name="adapterKind" value="IdentityManagerAdapter"/>
    <Property name="resourceKind" value="IdentityManagerAdapterInstance"/>
    <Property name="rollUpType" value="NONE"/>
    <Property name="rollUpCount" value="0"/>
    <Property name="transformations">
        <List>
            <Item value="CURRENT"/>
        </List>
    </Property>
    <Property name="isProperty" value="false"/>
    <Property name="displayName" value="Total Users"/>
    <Property name="addTimestampAsColumn" value="false"/>
    <Property name="isShowRelativeTimestamp" value="false"/>
</Value>
                            </Item>
                            <Item>
<Value>
    <Property name="objectType" value="RESOURCE"/>
    <Property name="attributeKey" value="auditActivity|allactivity"/>
    <Property name="id" value="extModel10586-2"/>
    <Property name="isStringAttribute" value="false"/>
    <Property name="adapterKind" value="IdentityManagerAdapter"/>
    <Property name="resourceKind" value="IdentityManagerAdapterInstance"/>
    <Property name="rollUpType" value="NONE"/>
    <Property name="rollUpCount" value="0"/>
    <Property name="transformations">
        <List>
            <Item value="CURRENT"/>
        </List>
    </Property>
    <Property name="sortCriteria" value="false"/>
    <Property name="isProperty" value="false"/>
    <Property name="displayName" value="Activities"/>
    <Property name="addTimestampAsColumn" value="false"/>
    <Property name="isShowRelativeTimestamp" value="false"/>
</Value>
                            </Item>
                            <Item>
<Value>
    <Property name="objectType" value="RESOURCE"/>
    <Property name="attributeKey" value="System Attributes|total_alert_count"/>
    <Property name="id" value="extModel10586-5"/>
    <Property name="isStringAttribute" value="false"/>
    <Property name="adapterKind" value="IdentityManagerAdapter"/>
    <Property name="resourceKind" value="IdentityManagerAdapterInstance"/>
    <Property name="rollUpType" value="NONE"/>
    <Property name="rollUpCount" value="0"/>
    <Property name="transformations">
        <List>
            <Item value="CURRENT"/>
        </List>
    </Property>
    <Property name="isProperty" value="false"/>
    <Property name="yellowBound" value="0.1"/>
    <Property name="orangeBound" value="0.2"/>
    <Property name="redBound" value="0.3"/>
    <Property name="ascendingRange" value="false"/>
    <Property name="displayName" value="Alerts"/>
    <Property name="addTimestampAsColumn" value="false"/>
    <Property name="isShowRelativeTimestamp" value="false"/>
</Value>
                            </Item>
                        </List>
                    </Property>
                </Control>
                <Control id="pagination-control_id_1903" type="pagination-control" visible="true">
                    <Property name="start" value="0"/>
                    <Property name="size" value="50"/>
                </Control>
                <Control id="metadata_id_1904" type="metadata" visible="false">
                    <Property name="maxPointsCount" value="5000"/>
                    <Property name="hideObjectNameColumn" value="false"/>
                    <Property name="listTopResultSize" value="-1"/>
                </Control>
            </Controls>
            <DataProviders>
                <DataProvider dataType="list-view" id="list-view_id_1900"/>
            </DataProviders>
            <Presentation type="list"/>
        </ViewDef>
        <ViewDef id="2ead0f45-14ac-4566-b700-ed0e95c852fc">
            <Title>[DEMO] VDI - VM - Resize</Title>
            <Description/>
            <SubjectType adapterKind="VMWARE" resourceKind="VirtualMachine" type="descendant"/>
            <SubjectType adapterKind="VMWARE" resourceKind="VirtualMachine" type="self"/>
            <Usage>dashboard</Usage>
            <Usage>report</Usage>
            <Usage>details</Usage>
            <Usage>content</Usage>
            <Controls>
                <Control id="time-interval-selector_id_1269" type="time-interval-selector" visible="false">
                    <Property name="advancedTimeMode" value="false"/>
                    <Property name="unit" value="DAYS"/>
                    <Property name="count" value="7"/>
                </Control>
                <Control id="attributes-selector_id_1270" type="attributes-selector" visible="false">
                    <Property name="attributeInfos">
                        <List>
                            <Item>
<Value>
    <Property name="objectType" value="RESOURCE"/>
    <Property name="attributeKey" value="Super Metric|sm_37a3944b-ef10-401b-85f0-725cda77758a"/>
    <Property name="preferredUnitId" value="auto"/>
    <Property name="isStringAttribute" value="false"/>
    <Property name="adapterKind" value="VMWARE"/>
    <Property name="resourceKind" value="VirtualMachine"/>
    <Property name="rollUpType" value="NONE"/>
    <Property name="rollUpCount" value="0"/>
    <Property name="transformations">
        <List>
            <Item value="MAX"/>
        </List>
    </Property>
    <Property name="sortCriteria" value="false"/>
    <Property name="isProperty" value="false"/>
    <Property name="displayName" value="OS 기준 추가 요구량"/>
    <Property name="addTimestampAsColumn" value="false"/>
    <Property name="isShowRelativeTimestamp" value="false"/>
</Value>
                            </Item>
                            <Item>
<Value>
    <Property name="objectType" value="RESOURCE"/>
    <Property name="attributeKey" value="summary|undersized|vcpus"/>
    <Property name="isStringAttribute" value="false"/>
    <Property name="adapterKind" value="VMWARE"/>
    <Property name="resourceKind" value="VirtualMachine"/>
    <Property name="rollUpType" value="NONE"/>
    <Property name="rollUpCount" value="0"/>
    <Property name="transformations">
        <List>
            <Item value="CURRENT"/>
        </List>
    </Property>
    <Property name="sortCriteria" value="false"/>
    <Property name="isProperty" value="false"/>
    <Property name="displayName" value="CPU 추가 요구량"/>
    <Property name="addTimestampAsColumn" value="false"/>
    <Property name="isShowRelativeTimestamp" value="false"/>
</Value>
                            </Item>
                            <Item>
<Value>
    <Property name="objectType" value="RESOURCE"/>
    <Property name="attributeKey" value="summary|undersized|memory"/>
    <Property name="preferredUnitId" value="auto"/>
    <Property name="isStringAttribute" value="false"/>
    <Property name="adapterKind" value="VMWARE"/>
    <Property name="resourceKind" value="VirtualMachine"/>
    <Property name="rollUpType" value="NONE"/>
    <Property name="rollUpCount" value="0"/>
    <Property name="transformations">
        <List>
            <Item value="CURRENT"/>
        </List>
    </Property>
    <Property name="sortCriteria" value="false"/>
    <Property name="isProperty" value="false"/>
    <Property name="displayName" value="메모리 추가 요구량"/>
    <Property name="addTimestampAsColumn" value="false"/>
    <Property name="isShowRelativeTimestamp" value="false"/>
</Value>
                            </Item>
                        </List>
                    </Property>
                </Control>
                <Control id="pagination-control_id_1271" type="pagination-control" visible="true">
                    <Property name="start" value="0"/>
                    <Property name="size" value="20"/>
                </Control>
                <Control id="metadata_id_1272" type="metadata" visible="false">
                    <Property name="maxPointsCount" value="5000"/>
                    <Property name="hideObjectNameColumn" value="false"/>
                    <Property name="listTopResultSize" value="-1"/>
                </Control>
            </Controls>
            <DataProviders>
                <DataProvider dataType="list-view" id="list-view_id_1268"/>
            </DataProviders>
            <Presentation type="list"/>
        </ViewDef>
        <ViewDef id="2f19526a-da75-4331-aab8-c4e6dd794411">
            <Title>[DEMO] VDI - Flow - HZ - Pod</Title>
            <Description/>
            <SubjectType adapterKind="HorizonAdapter" resourceKind="Pod" type="descendant"/>
            <SubjectType adapterKind="HorizonAdapter" resourceKind="Pod" type="self"/>
            <Usage>dashboard</Usage>
            <Usage>report</Usage>
            <Usage>details</Usage>
            <Usage>content</Usage>
            <Controls>
                <Control id="time-interval-selector_id_1928" type="time-interval-selector" visible="false">
                    <Property name="advancedTimeMode" value="false"/>
                    <Property name="unit" value="MINUTES"/>
                    <Property name="count" value="10"/>
                </Control>
                <Control id="attributes-selector_id_1929" type="attributes-selector" visible="false">
                    <Property name="attributeInfos">
                        <List>
                            <Item>
<Value>
    <Property name="objectType" value="RESOURCE"/>
    <Property name="attributeKey" value="badge|health"/>
    <Property name="preferredUnitId" value="percent"/>
    <Property name="isStringAttribute" value="false"/>
    <Property name="adapterKind" value="HorizonAdapter"/>
    <Property name="resourceKind" value="Pod"/>
    <Property name="rollUpType" value="NONE"/>
    <Property name="rollUpCount" value="0"/>
    <Property name="transformations">
        <List>
            <Item value="CURRENT"/>
        </List>
    </Property>
    <Property name="sortCriteria" value="true"/>
    <Property name="isProperty" value="false"/>
    <Property name="yellowBound" value="90"/>
    <Property name="orangeBound" value="70"/>
    <Property name="redBound" value="50"/>
    <Property name="ascendingRange" value="true"/>
    <Property name="displayName" value="Health"/>
    <Property name="addTimestampAsColumn" value="false"/>
    <Property name="isShowRelativeTimestamp" value="false"/>
</Value>
                            </Item>
                            <Item>
<Value>
    <Property name="objectType" value="RESOURCE"/>
    <Property name="attributeKey" value="summary|unHealthyConnectionServers"/>
    <Property name="isStringAttribute" value="false"/>
    <Property name="adapterKind" value="HorizonAdapter"/>
    <Property name="resourceKind" value="Pod"/>
    <Property name="rollUpType" value="NONE"/>
    <Property name="rollUpCount" value="0"/>
    <Property name="transformations">
        <List>
            <Item value="CURRENT"/>
        </List>
    </Property>
    <Property name="sortCriteria" value="false"/>
    <Property name="isProperty" value="false"/>
    <Property name="yellowBound" value="0.1"/>
    <Property name="orangeBound" value="0.2"/>
    <Property name="redBound" value="0.3"/>
    <Property name="ascendingRange" value="false"/>
    <Property name="displayName" value="Unhealthy CSs"/>
    <Property name="addTimestampAsColumn" value="false"/>
    <Property name="isShowRelativeTimestamp" value="false"/>
</Value>
                            </Item>
                            <Item>
<Value>
    <Property name="objectType" value="RESOURCE"/>
    <Property name="attributeKey" value="configuration|noOfBadStateDesktops"/>
    <Property name="isStringAttribute" value="false"/>
    <Property name="adapterKind" value="HorizonAdapter"/>
    <Property name="resourceKind" value="Pod"/>
    <Property name="rollUpType" value="NONE"/>
    <Property name="rollUpCount" value="0"/>
    <Property name="transformations">
        <List>
            <Item value="CURRENT"/>
        </List>
    </Property>
    <Property name="sortCriteria" value="false"/>
    <Property name="isProperty" value="false"/>
    <Property name="yellowBound" value="0.1"/>
    <Property name="orangeBound" value="0.2"/>
    <Property name="redBound" value="0.3"/>
    <Property name="ascendingRange" value="false"/>
    <Property name="displayName" value="Unhealthy Desktops"/>
    <Property name="addTimestampAsColumn" value="false"/>
    <Property name="isShowRelativeTimestamp" value="false"/>
</Value>
                            </Item>
                            <Item>
<Value>
    <Property name="objectType" value="RESOURCE"/>
    <Property name="attributeKey" value="utilization|connectedUsers"/>
    <Property name="isStringAttribute" value="false"/>
    <Property name="adapterKind" value="HorizonAdapter"/>
    <Property name="resourceKind" value="Pod"/>
    <Property name="rollUpType" value="NONE"/>
    <Property name="rollUpCount" value="0"/>
    <Property name="transformations">
        <List>
            <Item value="CURRENT"/>
        </List>
    </Property>
    <Property name="isProperty" value="false"/>
    <Property name="displayName" value="Connected Users"/>
    <Property name="addTimestampAsColumn" value="false"/>
    <Property name="isShowRelativeTimestamp" value="false"/>
</Value>
                            </Item>
                            <Item>
<Value>
    <Property name="objectType" value="RESOURCE"/>
    <Property name="attributeKey" value="summary|connectedSessions"/>
    <Property name="isStringAttribute" value="false"/>
    <Property name="adapterKind" value="HorizonAdapter"/>
    <Property name="resourceKind" value="Pod"/>
    <Property name="rollUpType" value="NONE"/>
    <Property name="rollUpCount" value="0"/>
    <Property name="transformations">
        <List>
            <Item value="CURRENT"/>
        </List>
    </Property>
    <Property name="isProperty" value="false"/>
    <Property name="displayName" value="Connected Sessions"/>
    <Property name="addTimestampAsColumn" value="false"/>
    <Property name="isShowRelativeTimestamp" value="false"/>
</Value>
                            </Item>
                            <Item>
<Value>
    <Property name="objectType" value="RESOURCE"/>
    <Property name="attributeKey" value="performance|avgCPUUsagePerCS"/>
    <Property name="preferredUnitId" value="percent"/>
    <Property name="isStringAttribute" value="false"/>
    <Property name="adapterKind" value="HorizonAdapter"/>
    <Property name="resourceKind" value="Pod"/>
    <Property name="rollUpType" value="NONE"/>
    <Property name="rollUpCount" value="0"/>
    <Property name="transformations">
        <List>
            <Item value="CURRENT"/>
        </List>
    </Property>
    <Property name="isProperty" value="false"/>
    <Property name="yellowBound" value="50"/>
    <Property name="orangeBound" value="70"/>
    <Property name="redBound" value="90"/>
    <Property name="ascendingRange" value="false"/>
    <Property name="displayName" value="Avg CPU Usage"/>
    <Property name="addTimestampAsColumn" value="false"/>
    <Property name="isShowRelativeTimestamp" value="false"/>
</Value>
                            </Item>
                            <Item>
<Value>
    <Property name="objectType" value="RESOURCE"/>
    <Property name="attributeKey" value="performance|avgMemoryUsagePerCS"/>
    <Property name="preferredUnitId" value="percent"/>
    <Property name="isStringAttribute" value="false"/>
    <Property name="adapterKind" value="HorizonAdapter"/>
    <Property name="resourceKind" value="Pod"/>
    <Property name="rollUpType" value="NONE"/>
    <Property name="rollUpCount" value="0"/>
    <Property name="transformations">
        <List>
            <Item value="CURRENT"/>
        </List>
    </Property>
    <Property name="isProperty" value="false"/>
    <Property name="yellowBound" value="50"/>
    <Property name="orangeBound" value="70"/>
    <Property name="redBound" value="90"/>
    <Property name="ascendingRange" value="false"/>
    <Property name="displayName" value="Avg Mem Usage"/>
    <Property name="addTimestampAsColumn" value="false"/>
    <Property name="isShowRelativeTimestamp" value="false"/>
</Value>
                            </Item>
                            <Item>
<Value>
    <Property name="objectType" value="RESOURCE"/>
    <Property name="attributeKey" value="cpu|vdiSessionsWithHighCPUUtilization"/>
    <Property name="isStringAttribute" value="false"/>
    <Property name="adapterKind" value="HorizonAdapter"/>
    <Property name="resourceKind" value="Pod"/>
    <Property name="rollUpType" value="NONE"/>
    <Property name="rollUpCount" value="0"/>
    <Property name="transformations">
        <List>
            <Item value="CURRENT"/>
        </List>
    </Property>
    <Property name="sortCriteria" value="false"/>
    <Property name="isProperty" value="false"/>
    <Property name="yellowBound" value="1"/>
    <Property name="orangeBound" value="1000000000000"/>
    <Property name="redBound" value="1000000000001"/>
    <Property name="ascendingRange" value="false"/>
    <Property name="displayName" value="Sessions of High CPU Usage"/>
    <Property name="addTimestampAsColumn" value="false"/>
    <Property name="isShowRelativeTimestamp" value="false"/>
</Value>
                            </Item>
                            <Item>
<Value>
    <Property name="objectType" value="RESOURCE"/>
    <Property name="attributeKey" value="memory|vdiSessionsWithLowAvailableMemory"/>
    <Property name="isStringAttribute" value="false"/>
    <Property name="adapterKind" value="HorizonAdapter"/>
    <Property name="resourceKind" value="Pod"/>
    <Property name="rollUpType" value="NONE"/>
    <Property name="rollUpCount" value="0"/>
    <Property name="transformations">
        <List>
            <Item value="CURRENT"/>
        </List>
    </Property>
    <Property name="sortCriteria" value="false"/>
    <Property name="isProperty" value="false"/>
    <Property name="yellowBound" value="1"/>
    <Property name="orangeBound" value="1000000000000"/>
    <Property name="redBound" value="1000000000001"/>
    <Property name="ascendingRange" value="false"/>
    <Property name="displayName" value="Sessions of High Mem Usage"/>
    <Property name="addTimestampAsColumn" value="false"/>
    <Property name="isShowRelativeTimestamp" value="false"/>
</Value>
                            </Item>
                            <Item>
<Value>
    <Property name="objectType" value="RESOURCE"/>
    <Property name="attributeKey" value="disk|vdiSessionsWithHighDiskLatency"/>
    <Property name="isStringAttribute" value="false"/>
    <Property name="adapterKind" value="HorizonAdapter"/>
    <Property name="resourceKind" value="Pod"/>
    <Property name="rollUpType" value="NONE"/>
    <Property name="rollUpCount" value="0"/>
    <Property name="transformations">
        <List>
            <Item value="CURRENT"/>
        </List>
    </Property>
    <Property name="sortCriteria" value="false"/>
    <Property name="isProperty" value="false"/>
    <Property name="yellowBound" value="1"/>
    <Property name="orangeBound" value="1000000000000"/>
    <Property name="redBound" value="1000000000001"/>
    <Property name="ascendingRange" value="false"/>
    <Property name="displayName" value="Sessions of High Disk Latency"/>
    <Property name="addTimestampAsColumn" value="false"/>
    <Property name="isShowRelativeTimestamp" value="false"/>
</Value>
                            </Item>
                            <Item>
<Value>
    <Property name="objectType" value="RESOURCE"/>
    <Property name="attributeKey" value="protocol|sessionsWithHighProtocolLatency"/>
    <Property name="isStringAttribute" value="false"/>
    <Property name="adapterKind" value="HorizonAdapter"/>
    <Property name="resourceKind" value="Pod"/>
    <Property name="rollUpType" value="NONE"/>
    <Property name="rollUpCount" value="0"/>
    <Property name="transformations">
        <List>
            <Item value="CURRENT"/>
        </List>
    </Property>
    <Property name="sortCriteria" value="false"/>
    <Property name="isProperty" value="false"/>
    <Property name="yellowBound" value="1"/>
    <Property name="orangeBound" value="1000000000000"/>
    <Property name="redBound" value="1000000000001"/>
    <Property name="ascendingRange" value="false"/>
    <Property name="displayName" value="Sessions of High Net Latency"/>
    <Property name="addTimestampAsColumn" value="false"/>
    <Property name="isShowRelativeTimestamp" value="false"/>
</Value>
                            </Item>
                            <Item>
<Value>
    <Property name="objectType" value="RESOURCE"/>
    <Property name="attributeKey" value="System Attributes|total_alert_count"/>
    <Property name="isStringAttribute" value="false"/>
    <Property name="adapterKind" value="HorizonAdapter"/>
    <Property name="resourceKind" value="Pod"/>
    <Property name="rollUpType" value="NONE"/>
    <Property name="rollUpCount" value="0"/>
    <Property name="transformations">
        <List>
            <Item value="CURRENT"/>
        </List>
    </Property>
    <Property name="sortCriteria" value="false"/>
    <Property name="isProperty" value="false"/>
    <Property name="yellowBound" value="0.1"/>
    <Property name="orangeBound" value="0.2"/>
    <Property name="redBound" value="0.3"/>
    <Property name="ascendingRange" value="false"/>
    <Property name="displayName" value="Alerts"/>
    <Property name="addTimestampAsColumn" value="false"/>
    <Property name="isShowRelativeTimestamp" value="false"/>
</Value>
                            </Item>
                        </List>
                    </Property>
                </Control>
                <Control id="pagination-control_id_1930" type="pagination-control" visible="true">
                    <Property name="start" value="0"/>
                    <Property name="size" value="50"/>
                </Control>
                <Control id="metadata_id_1931" type="metadata" visible="false">
                    <Property name="maxPointsCount" value="5000"/>
                    <Property name="hideObjectNameColumn" value="false"/>
                    <Property name="listTopResultSize" value="-1"/>
                </Control>
            </Controls>
            <DataProviders>
                <DataProvider dataType="list-view" id="list-view_id_1927"/>
            </DataProviders>
            <Presentation type="list"/>
        </ViewDef>
        <ViewDef id="2c1c1b98-e10d-4457-bd91-41f86ab2a569">
            <Title>[DEMO] VDI - Flow - HZ - CS</Title>
            <Description/>
            <SubjectType adapterKind="HorizonAdapter" resourceKind="ConnectionServer" type="descendant"/>
            <SubjectType adapterKind="HorizonAdapter" resourceKind="ConnectionServer" type="self"/>
            <Usage>dashboard</Usage>
            <Usage>report</Usage>
            <Usage>details</Usage>
            <Usage>content</Usage>
            <Controls>
                <Control id="time-interval-selector_id_1917" type="time-interval-selector" visible="false">
                    <Property name="advancedTimeMode" value="false"/>
                    <Property name="unit" value="MINUTES"/>
                    <Property name="count" value="10"/>
                </Control>
                <Control id="attributes-selector_id_1918" type="attributes-selector" visible="false">
                    <Property name="attributeInfos">
                        <List>
                            <Item>
<Value>
    <Property name="objectType" value="RESOURCE"/>
    <Property name="attributeKey" value="badge|health"/>
    <Property name="preferredUnitId" value="percent"/>
    <Property name="isStringAttribute" value="false"/>
    <Property name="adapterKind" value="HorizonAdapter"/>
    <Property name="resourceKind" value="ConnectionServer"/>
    <Property name="rollUpType" value="NONE"/>
    <Property name="rollUpCount" value="0"/>
    <Property name="transformations">
        <List>
            <Item value="CURRENT"/>
        </List>
    </Property>
    <Property name="sortCriteria" value="true"/>
    <Property name="isProperty" value="false"/>
    <Property name="yellowBound" value="90"/>
    <Property name="orangeBound" value="70"/>
    <Property name="redBound" value="50"/>
    <Property name="ascendingRange" value="true"/>
    <Property name="displayName" value="Health"/>
    <Property name="addTimestampAsColumn" value="false"/>
    <Property name="isShowRelativeTimestamp" value="false"/>
</Value>
                            </Item>
                            <Item>
<Value>
    <Property name="objectType" value="RESOURCE"/>
    <Property name="attributeKey" value="connection|actualConnection"/>
    <Property name="isStringAttribute" value="false"/>
    <Property name="adapterKind" value="HorizonAdapter"/>
    <Property name="resourceKind" value="ConnectionServer"/>
    <Property name="rollUpType" value="NONE"/>
    <Property name="rollUpCount" value="0"/>
    <Property name="transformations">
        <List>
            <Item value="CURRENT"/>
        </List>
    </Property>
    <Property name="isProperty" value="false"/>
    <Property name="displayName" value="Connections"/>
    <Property name="addTimestampAsColumn" value="false"/>
    <Property name="isShowRelativeTimestamp" value="false"/>
</Value>
                            </Item>
                            <Item>
<Value>
    <Property name="objectType" value="RESOURCE"/>
    <Property name="attributeKey" value="connection|connectionUsage"/>
    <Property name="preferredUnitId" value="percent"/>
    <Property name="isStringAttribute" value="false"/>
    <Property name="adapterKind" value="HorizonAdapter"/>
    <Property name="resourceKind" value="ConnectionServer"/>
    <Property name="rollUpType" value="NONE"/>
    <Property name="rollUpCount" value="0"/>
    <Property name="transformations">
        <List>
            <Item value="CURRENT"/>
        </List>
    </Property>
    <Property name="isProperty" value="false"/>
    <Property name="displayName" value="Connection Usage"/>
    <Property name="addTimestampAsColumn" value="false"/>
    <Property name="isShowRelativeTimestamp" value="false"/>
</Value>
                            </Item>
                            <Item>
<Value>
    <Property name="objectType" value="RESOURCE"/>
    <Property name="attributeKey" value="summary|connectionDisparity"/>
    <Property name="preferredUnitId" value="percent"/>
    <Property name="isStringAttribute" value="false"/>
    <Property name="adapterKind" value="HorizonAdapter"/>
    <Property name="resourceKind" value="ConnectionServer"/>
    <Property name="rollUpType" value="NONE"/>
    <Property name="rollUpCount" value="0"/>
    <Property name="transformations">
        <List>
            <Item value="CURRENT"/>
        </List>
    </Property>
    <Property name="sortCriteria" value="false"/>
    <Property name="isProperty" value="false"/>
    <Property name="yellowBound" value="105"/>
    <Property name="orangeBound" value="130"/>
    <Property name="redBound" value="150"/>
    <Property name="ascendingRange" value="false"/>
    <Property name="displayName" value="Connection Disparity"/>
    <Property name="addTimestampAsColumn" value="false"/>
    <Property name="isShowRelativeTimestamp" value="false"/>
</Value>
                            </Item>
                            <Item>
<Value>
    <Property name="objectType" value="RESOURCE"/>
    <Property name="attributeKey" value="cpu|usageAvg"/>
    <Property name="preferredUnitId" value="percent"/>
    <Property name="isStringAttribute" value="false"/>
    <Property name="adapterKind" value="HorizonAdapter"/>
    <Property name="resourceKind" value="ConnectionServer"/>
    <Property name="rollUpType" value="NONE"/>
    <Property name="rollUpCount" value="0"/>
    <Property name="transformations">
        <List>
            <Item value="CURRENT"/>
        </List>
    </Property>
    <Property name="isProperty" value="false"/>
    <Property name="yellowBound" value="50"/>
    <Property name="orangeBound" value="70"/>
    <Property name="redBound" value="90"/>
    <Property name="ascendingRange" value="false"/>
    <Property name="displayName" value="CPU Usage"/>
    <Property name="addTimestampAsColumn" value="false"/>
    <Property name="isShowRelativeTimestamp" value="false"/>
</Value>
                            </Item>
                            <Item>
<Value>
    <Property name="objectType" value="RESOURCE"/>
    <Property name="attributeKey" value="performance|cpuUsageDisparity"/>
    <Property name="preferredUnitId" value="percent"/>
    <Property name="isStringAttribute" value="false"/>
    <Property name="adapterKind" value="HorizonAdapter"/>
    <Property name="resourceKind" value="ConnectionServer"/>
    <Property name="rollUpType" value="NONE"/>
    <Property name="rollUpCount" value="0"/>
    <Property name="transformations">
        <List>
            <Item value="CURRENT"/>
        </List>
    </Property>
    <Property name="sortCriteria" value="false"/>
    <Property name="isProperty" value="false"/>
    <Property name="yellowBound" value="5"/>
    <Property name="orangeBound" value="30"/>
    <Property name="redBound" value="50"/>
    <Property name="ascendingRange" value="false"/>
    <Property name="displayName" value="CPU Disparity"/>
    <Property name="addTimestampAsColumn" value="false"/>
    <Property name="isShowRelativeTimestamp" value="false"/>
</Value>
                            </Item>
                            <Item>
<Value>
    <Property name="objectType" value="RESOURCE"/>
    <Property name="attributeKey" value="memory|freeMemoryAvg"/>
    <Property name="preferredUnitId" value="auto"/>
    <Property name="isStringAttribute" value="false"/>
    <Property name="adapterKind" value="HorizonAdapter"/>
    <Property name="resourceKind" value="ConnectionServer"/>
    <Property name="rollUpType" value="NONE"/>
    <Property name="rollUpCount" value="0"/>
    <Property name="transformations">
        <List>
            <Item value="CURRENT"/>
        </List>
    </Property>
    <Property name="isProperty" value="false"/>
    <Property name="yellowBound" value="8"/>
    <Property name="orangeBound" value="4"/>
    <Property name="redBound" value="2"/>
    <Property name="ascendingRange" value="true"/>
    <Property name="displayName" value="Available Memory"/>
    <Property name="addTimestampAsColumn" value="false"/>
    <Property name="isShowRelativeTimestamp" value="false"/>
</Value>
                            </Item>
                            <Item>
<Value>
    <Property name="objectType" value="RESOURCE"/>
    <Property name="attributeKey" value="performance|memoryUsageDisparity"/>
    <Property name="preferredUnitId" value="percent"/>
    <Property name="isStringAttribute" value="false"/>
    <Property name="adapterKind" value="HorizonAdapter"/>
    <Property name="resourceKind" value="ConnectionServer"/>
    <Property name="rollUpType" value="NONE"/>
    <Property name="rollUpCount" value="0"/>
    <Property name="transformations">
        <List>
            <Item value="CURRENT"/>
        </List>
    </Property>
    <Property name="sortCriteria" value="false"/>
    <Property name="isProperty" value="false"/>
    <Property name="yellowBound" value="5"/>
    <Property name="orangeBound" value="30"/>
    <Property name="redBound" value="50"/>
    <Property name="ascendingRange" value="false"/>
    <Property name="displayName" value="Memory Disparity"/>
    <Property name="addTimestampAsColumn" value="false"/>
    <Property name="isShowRelativeTimestamp" value="false"/>
</Value>
                            </Item>
                            <Item>
<Value>
    <Property name="objectType" value="RESOURCE"/>
    <Property name="attributeKey" value="System Attributes|total_alert_count"/>
    <Property name="isStringAttribute" value="false"/>
    <Property name="adapterKind" value="HorizonAdapter"/>
    <Property name="resourceKind" value="ConnectionServer"/>
    <Property name="rollUpType" value="NONE"/>
    <Property name="rollUpCount" value="0"/>
    <Property name="transformations">
        <List>
            <Item value="CURRENT"/>
        </List>
    </Property>
    <Property name="sortCriteria" value="false"/>
    <Property name="isProperty" value="false"/>
    <Property name="yellowBound" value="0.1"/>
    <Property name="orangeBound" value="0.2"/>
    <Property name="redBound" value="0.3"/>
    <Property name="ascendingRange" value="false"/>
    <Property name="displayName" value="Alerts"/>
    <Property name="addTimestampAsColumn" value="false"/>
    <Property name="isShowRelativeTimestamp" value="false"/>
</Value>
                            </Item>
                        </List>
                    </Property>
                </Control>
                <Control id="pagination-control_id_1919" type="pagination-control" visible="true">
                    <Property name="start" value="0"/>
                    <Property name="size" value="50"/>
                </Control>
                <Control id="metadata_id_1920" type="metadata" visible="false">
                    <Property name="maxPointsCount" value="5000"/>
                    <Property name="hideObjectNameColumn" value="false"/>
                    <Property name="listTopResultSize" value="-1"/>
                </Control>
            </Controls>
            <DataProviders>
                <DataProvider dataType="list-view" id="list-view_id_1916"/>
            </DataProviders>
            <Presentation type="list"/>
        </ViewDef>
        <ViewDef id="5ba0e2e4-dd4b-4efd-bc14-8d7ba8e5c6c5">
            <Title>[DEMO] VDI - User - VM</Title>
            <Description/>
            <SubjectType adapterKind="VMWARE" filter="[[{&quot;condition&quot;:&quot;GREATER_THAN&quot;,&quot;transform&quot;:&quot;CURRENT&quot;,&quot;metricKey&quot;:&quot;badge|health&quot;,&quot;metricValue&quot;:{&quot;isStringMetric&quot;:false,&quot;value&quot;:0},&quot;businessHours&quot;:false,&quot;filterType&quot;:&quot;metrics&quot;}]]" resourceKind="VirtualMachine" type="descendant"/>
            <SubjectType adapterKind="VMWARE" filter="[[{&quot;condition&quot;:&quot;GREATER_THAN&quot;,&quot;transform&quot;:&quot;CURRENT&quot;,&quot;metricKey&quot;:&quot;badge|health&quot;,&quot;metricValue&quot;:{&quot;isStringMetric&quot;:false,&quot;value&quot;:0},&quot;businessHours&quot;:false,&quot;filterType&quot;:&quot;metrics&quot;}]]" resourceKind="VirtualMachine" type="self"/>
            <Usage>dashboard</Usage>
            <Usage>report</Usage>
            <Usage>details</Usage>
            <Usage>content</Usage>
            <Controls>
                <Control id="time-interval-selector_id_1944" type="time-interval-selector" visible="false">
                    <Property name="advancedTimeMode" value="false"/>
                    <Property name="unit" value="MINUTES"/>
                    <Property name="count" value="10"/>
                </Control>
                <Control id="attributes-selector_id_1945" type="attributes-selector" visible="false">
                    <Property name="attributeInfos">
                        <List>
                            <Item>
<Value>
    <Property name="objectType" value="RESOURCE"/>
    <Property name="attributeKey" value="badge|health"/>
    <Property name="preferredUnitId" value="percent"/>
    <Property name="isStringAttribute" value="false"/>
    <Property name="adapterKind" value="VMWARE"/>
    <Property name="resourceKind" value="VirtualMachine"/>
    <Property name="rollUpType" value="NONE"/>
    <Property name="rollUpCount" value="0"/>
    <Property name="transformations">
        <List>
            <Item value="CURRENT"/>
        </List>
    </Property>
    <Property name="sortCriteria" value="true"/>
    <Property name="isProperty" value="false"/>
    <Property name="yellowBound" value="90"/>
    <Property name="orangeBound" value="70"/>
    <Property name="redBound" value="50"/>
    <Property name="ascendingRange" value="true"/>
    <Property name="displayName" value="health"/>
    <Property name="addTimestampAsColumn" value="false"/>
    <Property name="isShowRelativeTimestamp" value="false"/>
</Value>
                            </Item>
                            <Item>
<Value>
    <Property name="objectType" value="RESOURCE"/>
    <Property name="attributeKey" value="cpu|usage_average"/>
    <Property name="preferredUnitId" value="percent"/>
    <Property name="isStringAttribute" value="false"/>
    <Property name="adapterKind" value="VMWARE"/>
    <Property name="resourceKind" value="VirtualMachine"/>
    <Property name="rollUpType" value="NONE"/>
    <Property name="rollUpCount" value="0"/>
    <Property name="transformations">
        <List>
            <Item value="CURRENT"/>
        </List>
    </Property>
    <Property name="sortCriteria" value="false"/>
    <Property name="isProperty" value="false"/>
    <Property name="yellowBound" value="50"/>
    <Property name="orangeBound" value="70"/>
    <Property name="redBound" value="90"/>
    <Property name="ascendingRange" value="false"/>
    <Property name="displayName" value="CPU Usage"/>
    <Property name="addTimestampAsColumn" value="false"/>
    <Property name="isShowRelativeTimestamp" value="false"/>
</Value>
                            </Item>
                            <Item>
<Value>
    <Property name="objectType" value="RESOURCE"/>
    <Property name="attributeKey" value="mem|usage_average"/>
    <Property name="preferredUnitId" value="percent"/>
    <Property name="isStringAttribute" value="false"/>
    <Property name="adapterKind" value="VMWARE"/>
    <Property name="resourceKind" value="VirtualMachine"/>
    <Property name="rollUpType" value="NONE"/>
    <Property name="rollUpCount" value="0"/>
    <Property name="transformations">
        <List>
            <Item value="CURRENT"/>
        </List>
    </Property>
    <Property name="sortCriteria" value="false"/>
    <Property name="isProperty" value="false"/>
    <Property name="yellowBound" value="50"/>
    <Property name="orangeBound" value="70"/>
    <Property name="redBound" value="90"/>
    <Property name="ascendingRange" value="false"/>
    <Property name="displayName" value="Mem Usage"/>
    <Property name="addTimestampAsColumn" value="false"/>
    <Property name="isShowRelativeTimestamp" value="false"/>
</Value>
                            </Item>
                            <Item>
<Value>
    <Property name="objectType" value="RESOURCE"/>
    <Property name="attributeKey" value="guestfilesystem|percentage_total"/>
    <Property name="preferredUnitId" value="percent"/>
    <Property name="isStringAttribute" value="false"/>
    <Property name="adapterKind" value="VMWARE"/>
    <Property name="resourceKind" value="VirtualMachine"/>
    <Property name="rollUpType" value="NONE"/>
    <Property name="rollUpCount" value="0"/>
    <Property name="transformations">
        <List>
            <Item value="CURRENT"/>
        </List>
    </Property>
    <Property name="sortCriteria" value="false"/>
    <Property name="isProperty" value="false"/>
    <Property name="yellowBound" value="50"/>
    <Property name="orangeBound" value="70"/>
    <Property name="redBound" value="90"/>
    <Property name="ascendingRange" value="false"/>
    <Property name="displayName" value="File System Usage"/>
    <Property name="addTimestampAsColumn" value="false"/>
    <Property name="isShowRelativeTimestamp" value="false"/>
</Value>
                            </Item>
                            <Item>
<Value>
    <Property name="objectType" value="RESOURCE"/>
    <Property name="attributeKey" value="net|usage_average"/>
    <Property name="preferredUnitId" value="auto"/>
    <Property name="isStringAttribute" value="false"/>
    <Property name="adapterKind" value="VMWARE"/>
    <Property name="resourceKind" value="VirtualMachine"/>
    <Property name="rollUpType" value="NONE"/>
    <Property name="rollUpCount" value="0"/>
    <Property name="transformations">
        <List>
            <Item value="CURRENT"/>
        </List>
    </Property>
    <Property name="sortCriteria" value="false"/>
    <Property name="isProperty" value="false"/>
    <Property name="displayName" value="Network Usage"/>
    <Property name="addTimestampAsColumn" value="false"/>
    <Property name="isShowRelativeTimestamp" value="false"/>
</Value>
                            </Item>
                            <Item>
<Value>
    <Property name="objectType" value="RESOURCE"/>
    <Property name="attributeKey" value="net:Aggregate of all instances|droppedPct"/>
    <Property name="preferredUnitId" value="percent"/>
    <Property name="isStringAttribute" value="false"/>
    <Property name="adapterKind" value="VMWARE"/>
    <Property name="resourceKind" value="VirtualMachine"/>
    <Property name="rollUpType" value="NONE"/>
    <Property name="rollUpCount" value="0"/>
    <Property name="transformations">
        <List>
            <Item value="CURRENT"/>
        </List>
    </Property>
    <Property name="sortCriteria" value="false"/>
    <Property name="isProperty" value="false"/>
    <Property name="yellowBound" value="0.001"/>
    <Property name="orangeBound" value="0.002"/>
    <Property name="redBound" value="0.003"/>
    <Property name="ascendingRange" value="false"/>
    <Property name="displayName" value="Packet Drops"/>
    <Property name="addTimestampAsColumn" value="false"/>
    <Property name="isShowRelativeTimestamp" value="false"/>
</Value>
                            </Item>
                            <Item>
<Value>
    <Property name="objectType" value="RESOURCE"/>
    <Property name="attributeKey" value="summary|undersized|vcpus"/>
    <Property name="isStringAttribute" value="false"/>
    <Property name="adapterKind" value="VMWARE"/>
    <Property name="resourceKind" value="VirtualMachine"/>
    <Property name="rollUpType" value="NONE"/>
    <Property name="rollUpCount" value="0"/>
    <Property name="transformations">
        <List>
            <Item value="CURRENT"/>
        </List>
    </Property>
    <Property name="sortCriteria" value="false"/>
    <Property name="isProperty" value="false"/>
    <Property name="yellowBound" value="0.1"/>
    <Property name="orangeBound" value="0.2"/>
    <Property name="redBound" value="0.3"/>
    <Property name="ascendingRange" value="false"/>
    <Property name="displayName" value="more CPUs"/>
    <Property name="addTimestampAsColumn" value="false"/>
    <Property name="isShowRelativeTimestamp" value="false"/>
</Value>
                            </Item>
                            <Item>
<Value>
    <Property name="objectType" value="RESOURCE"/>
    <Property name="attributeKey" value="summary|undersized|memory"/>
    <Property name="preferredUnitId" value="auto"/>
    <Property name="isStringAttribute" value="false"/>
    <Property name="adapterKind" value="VMWARE"/>
    <Property name="resourceKind" value="VirtualMachine"/>
    <Property name="rollUpType" value="NONE"/>
    <Property name="rollUpCount" value="0"/>
    <Property name="transformations">
        <List>
            <Item value="CURRENT"/>
        </List>
    </Property>
    <Property name="sortCriteria" value="false"/>
    <Property name="isProperty" value="false"/>
    <Property name="yellowBound" value="0.1"/>
    <Property name="orangeBound" value="0.2"/>
    <Property name="redBound" value="0.3"/>
    <Property name="ascendingRange" value="false"/>
    <Property name="displayName" value="more Mems"/>
    <Property name="addTimestampAsColumn" value="false"/>
    <Property name="isShowRelativeTimestamp" value="false"/>
</Value>
                            </Item>
                            <Item>
<Value>
    <Property name="objectType" value="RESOURCE"/>
    <Property name="attributeKey" value="Super Metric|sm_37a3944b-ef10-401b-85f0-725cda77758a"/>
    <Property name="preferredUnitId" value="auto"/>
    <Property name="isStringAttribute" value="false"/>
    <Property name="adapterKind" value="VMWARE"/>
    <Property name="resourceKind" value="VirtualMachine"/>
    <Property name="rollUpType" value="NONE"/>
    <Property name="rollUpCount" value="0"/>
    <Property name="transformations">
        <List>
            <Item value="CURRENT"/>
        </List>
    </Property>
    <Property name="sortCriteria" value="false"/>
    <Property name="isProperty" value="false"/>
    <Property name="ascendingRange" value="false"/>
    <Property name="displayName" value="more Mems by OS"/>
    <Property name="addTimestampAsColumn" value="false"/>
    <Property name="isShowRelativeTimestamp" value="false"/>
</Value>
                            </Item>
                            <Item>
<Value>
    <Property name="objectType" value="RESOURCE"/>
    <Property name="attributeKey" value="System Attributes|total_alert_count"/>
    <Property name="isStringAttribute" value="false"/>
    <Property name="adapterKind" value="VMWARE"/>
    <Property name="resourceKind" value="VirtualMachine"/>
    <Property name="rollUpType" value="NONE"/>
    <Property name="rollUpCount" value="0"/>
    <Property name="transformations">
        <List>
            <Item value="CURRENT"/>
        </List>
    </Property>
    <Property name="sortCriteria" value="false"/>
    <Property name="isProperty" value="false"/>
    <Property name="yellowBound" value="0.1"/>
    <Property name="orangeBound" value="0.2"/>
    <Property name="redBound" value="0.3"/>
    <Property name="ascendingRange" value="false"/>
    <Property name="displayName" value="Alerts"/>
    <Property name="addTimestampAsColumn" value="false"/>
    <Property name="isShowRelativeTimestamp" value="false"/>
</Value>
                            </Item>
                        </List>
                    </Property>
                </Control>
                <Control id="pagination-control_id_1946" type="pagination-control" visible="true">
                    <Property name="start" value="0"/>
                    <Property name="size" value="5"/>
                </Control>
                <Control id="metadata_id_1947" type="metadata" visible="false">
                    <Property name="maxPointsCount" value="5000"/>
                    <Property name="hideObjectNameColumn" value="false"/>
                    <Property name="listTopResultSize" value="-1"/>
                </Control>
            </Controls>
            <DataProviders>
                <DataProvider dataType="list-view" id="list-view_id_1943"/>
            </DataProviders>
            <Presentation type="list"/>
        </ViewDef>
        <ViewDef id="0676ae8f-e593-4976-bbc1-70d58a57c7e4">
            <Title>[DEMO] VDI - User - Desktop</Title>
            <Description/>
            <SubjectType adapterKind="HorizonAdapter" resourceKind="VDISession" type="descendant"/>
            <SubjectType adapterKind="HorizonAdapter" resourceKind="VDISession" type="self"/>
            <Usage>dashboard</Usage>
            <Usage>report</Usage>
            <Usage>details</Usage>
            <Usage>content</Usage>
            <Controls>
                <Control id="time-interval-selector_id_1739" type="time-interval-selector" visible="false">
                    <Property name="advancedTimeMode" value="false"/>
                    <Property name="unit" value="MINUTES"/>
                    <Property name="count" value="10"/>
                </Control>
                <Control id="attributes-selector_id_1740" type="attributes-selector" visible="false">
                    <Property name="attributeInfos">
                        <List>
                            <Item>
<Value>
    <Property name="objectType" value="RESOURCE"/>
    <Property name="attributeKey" value="badge|health"/>
    <Property name="preferredUnitId" value="percent"/>
    <Property name="isStringAttribute" value="false"/>
    <Property name="adapterKind" value="HorizonAdapter"/>
    <Property name="resourceKind" value="VDISession"/>
    <Property name="rollUpType" value="NONE"/>
    <Property name="rollUpCount" value="0"/>
    <Property name="transformations">
        <List>
            <Item value="CURRENT"/>
        </List>
    </Property>
    <Property name="sortCriteria" value="false"/>
    <Property name="isProperty" value="false"/>
    <Property name="yellowBound" value="90"/>
    <Property name="orangeBound" value="70"/>
    <Property name="redBound" value="50"/>
    <Property name="ascendingRange" value="true"/>
    <Property name="displayName" value="상태"/>
    <Property name="addTimestampAsColumn" value="false"/>
    <Property name="isShowRelativeTimestamp" value="false"/>
</Value>
                            </Item>
                            <Item>
<Value>
    <Property name="objectType" value="RESOURCE"/>
    <Property name="attributeKey" value="cpu|usageAvg"/>
    <Property name="preferredUnitId" value="percent"/>
    <Property name="isStringAttribute" value="false"/>
    <Property name="adapterKind" value="HorizonAdapter"/>
    <Property name="resourceKind" value="VDISession"/>
    <Property name="rollUpType" value="NONE"/>
    <Property name="rollUpCount" value="0"/>
    <Property name="transformations">
        <List>
            <Item value="CURRENT"/>
        </List>
    </Property>
    <Property name="sortCriteria" value="false"/>
    <Property name="isProperty" value="false"/>
    <Property name="yellowBound" value="50"/>
    <Property name="orangeBound" value="70"/>
    <Property name="redBound" value="90"/>
    <Property name="ascendingRange" value="false"/>
    <Property name="displayName" value="CPU 사용량"/>
    <Property name="addTimestampAsColumn" value="false"/>
    <Property name="isShowRelativeTimestamp" value="false"/>
</Value>
                            </Item>
                            <Item>
<Value>
    <Property name="objectType" value="RESOURCE"/>
    <Property name="attributeKey" value="memory|workload"/>
    <Property name="preferredUnitId" value="percent"/>
    <Property name="isStringAttribute" value="false"/>
    <Property name="adapterKind" value="HorizonAdapter"/>
    <Property name="resourceKind" value="VDISession"/>
    <Property name="rollUpType" value="NONE"/>
    <Property name="rollUpCount" value="0"/>
    <Property name="transformations">
        <List>
            <Item value="CURRENT"/>
        </List>
    </Property>
    <Property name="sortCriteria" value="false"/>
    <Property name="isProperty" value="false"/>
    <Property name="yellowBound" value="50"/>
    <Property name="orangeBound" value="70"/>
    <Property name="redBound" value="90"/>
    <Property name="ascendingRange" value="false"/>
    <Property name="displayName" value="메모리 사용량"/>
    <Property name="addTimestampAsColumn" value="false"/>
    <Property name="isShowRelativeTimestamp" value="false"/>
</Value>
                            </Item>
                            <Item>
<Value>
    <Property name="objectType" value="RESOURCE"/>
    <Property name="attributeKey" value="summary|undersized|vcpus"/>
    <Property name="isStringAttribute" value="false"/>
    <Property name="adapterKind" value="HorizonAdapter"/>
    <Property name="resourceKind" value="VDISession"/>
    <Property name="rollUpType" value="NONE"/>
    <Property name="rollUpCount" value="0"/>
    <Property name="transformations">
        <List>
            <Item value="CURRENT"/>
        </List>
    </Property>
    <Property name="sortCriteria" value="false"/>
    <Property name="isProperty" value="false"/>
    <Property name="yellowBound" value="0.1"/>
    <Property name="orangeBound" value="0.2"/>
    <Property name="redBound" value="0.3"/>
    <Property name="ascendingRange" value="false"/>
    <Property name="displayName" value="추가 CPU 요구량"/>
    <Property name="addTimestampAsColumn" value="false"/>
    <Property name="isShowRelativeTimestamp" value="false"/>
</Value>
                            </Item>
                            <Item>
<Value>
    <Property name="objectType" value="RESOURCE"/>
    <Property name="attributeKey" value="summary|undersized|memory"/>
    <Property name="preferredUnitId" value="auto"/>
    <Property name="isStringAttribute" value="false"/>
    <Property name="adapterKind" value="HorizonAdapter"/>
    <Property name="resourceKind" value="VDISession"/>
    <Property name="rollUpType" value="NONE"/>
    <Property name="rollUpCount" value="0"/>
    <Property name="transformations">
        <List>
            <Item value="CURRENT"/>
        </List>
    </Property>
    <Property name="sortCriteria" value="false"/>
    <Property name="isProperty" value="false"/>
    <Property name="yellowBound" value="0.1"/>
    <Property name="orangeBound" value="0.2"/>
    <Property name="redBound" value="0.3"/>
    <Property name="ascendingRange" value="false"/>
    <Property name="displayName" value="추가 메모리 요구량"/>
    <Property name="addTimestampAsColumn" value="false"/>
    <Property name="isShowRelativeTimestamp" value="false"/>
</Value>
                            </Item>
                            <Item>
<Value>
    <Property name="objectType" value="RESOURCE"/>
    <Property name="attributeKey" value="System Attributes|total_alert_count"/>
    <Property name="isStringAttribute" value="false"/>
    <Property name="adapterKind" value="HorizonAdapter"/>
    <Property name="resourceKind" value="VDISession"/>
    <Property name="rollUpType" value="NONE"/>
    <Property name="rollUpCount" value="0"/>
    <Property name="transformations">
        <List>
            <Item value="CURRENT"/>
        </List>
    </Property>
    <Property name="sortCriteria" value="false"/>
    <Property name="isProperty" value="false"/>
    <Property name="yellowBound" value="0.1"/>
    <Property name="orangeBound" value="0.2"/>
    <Property name="redBound" value="0.3"/>
    <Property name="ascendingRange" value="false"/>
    <Property name="displayName" value="경고"/>
    <Property name="addTimestampAsColumn" value="false"/>
    <Property name="isShowRelativeTimestamp" value="false"/>
</Value>
                            </Item>
                        </List>
                    </Property>
                </Control>
                <Control id="pagination-control_id_1741" type="pagination-control" visible="true">
                    <Property name="start" value="0"/>
                    <Property name="size" value="5"/>
                </Control>
                <Control id="metadata_id_1742" type="metadata" visible="false">
                    <Property name="maxPointsCount" value="5000"/>
                    <Property name="hideObjectNameColumn" value="false"/>
                    <Property name="listTopResultSize" value="-1"/>
                </Control>
            </Controls>
            <DataProviders>
                <DataProvider dataType="list-view" id="list-view_id_1738"/>
            </DataProviders>
            <Presentation type="list"/>
        </ViewDef>
    </Views>
</Content>
