{
   "dashboards": [
      {
         "autoswitchEnabled": false,
         "columnCount": 1,
         "columnProportion": "1-1",
         "creationTime": 1657709118822,
         "dashboardNavigations": {},
         "description": "",
         "disabled": false,
         "gridsterMaxColumns": 12,
         "hidden": false,
         "homeTab": false,
         "id": "bd56d3a4-3282-430b-8142-b562cd24b7a6",
         "importAttempts": 0,
         "importComplete": true,
         "lastUpdateTime": 1658470769602,
         "lastUpdateUserId": "bef0fe5f-8593-4dbf-b6e7-dae71be4039c",
         "locked": false,
         "name": "[DEMO] VDI Overview",
         "rank": 0,
         "shared": false,
         "states": [{
            "key": "permDashboardTime_dashboard_bd56d3a4-3282-430b-8142-b562cd24b7a6",
            "value": "o%3AdateRange%3Ds%253Alast24Hour%5EdateRangeText%3Ds%253A24H"
         }],
         "temporary": false,
         "userId": "bef0fe5f-8593-4dbf-b6e7-dae71be4039c",
         "widgetInteractions": [
            {
               "type": "resourceId",
               "widgetIdProvider": "87d5f79a-6f67-407c-a38c-ab114bf61dd2",
               "widgetIdReceiver": "56b580ea-929e-4464-a016-708d52eb2023"
            },
            {
               "type": "resourceId",
               "widgetIdProvider": "87d5f79a-6f67-407c-a38c-ab114bf61dd2",
               "widgetIdReceiver": "46d93681-05ad-4c7a-a3df-7cd985bf5ef8"
            },
            {
               "type": "resourceId",
               "widgetIdProvider": "56b580ea-929e-4464-a016-708d52eb2023",
               "widgetIdReceiver": "c9622b25-6724-4d37-833d-5a7be388a407"
            },
            {
               "type": "resourceId",
               "widgetIdProvider": "87d5f79a-6f67-407c-a38c-ab114bf61dd2",
               "widgetIdReceiver": "c9622b25-6724-4d37-833d-5a7be388a407"
            },
            {
               "type": "resourceId",
               "widgetIdProvider": "dfe6c064-c115-40ed-b4cc-3569b9ec82f6",
               "widgetIdReceiver": "c9622b25-6724-4d37-833d-5a7be388a407"
            },
            {
               "type": "resourceId",
               "widgetIdProvider": "dfe6c064-c115-40ed-b4cc-3569b9ec82f6",
               "widgetIdReceiver": "98270a5d-0eb0-4c93-8ddb-11eb5271d094"
            },
            {
               "type": "resourceId",
               "widgetIdProvider": "98270a5d-0eb0-4c93-8ddb-11eb5271d094",
               "widgetIdReceiver": "c9622b25-6724-4d37-833d-5a7be388a407"
            },
            {
               "type": "resourceId",
               "widgetIdProvider": "dfe6c064-c115-40ed-b4cc-3569b9ec82f6",
               "widgetIdReceiver": "f715faac-2d51-4e62-ad9e-f787028446cb"
            }
         ],
         "widgets": [
            {
               "collapsed": false,
               "config": {
                  "chartViewItems": [],
                  "isUpdatedView": true,
                  "refreshContent": {"refreshContent": true},
                  "refreshInterval": 300,
                  "resource": {
                     "id": "Ext.vcops.chrome.model.Resource-5",
                     "resourceId": "resource:id:0_::_",
                     "resourceKindId": "002022IdentityManagerAdapterIdentity Manager World",
                     "resourceName": "Identity Manager World",
                     "traversalSpecId": ""
                  },
                  "selectFirstRow": {"selectFirstRow": false},
                  "selfProvider": {"selfProvider": true},
                  "title": "WS1 Services",
                  "traversalSpecId": null,
                  "viewDefinitionId": "ba4c1639-b493-431c-b323-f0fb20f64467"
               },
               "gridsterCoords": {
                  "h": 4,
                  "w": 6,
                  "x": 1,
                  "y": 2
               },
               "height": 210,
               "id": "87d5f79a-6f67-407c-a38c-ab114bf61dd2",
               "states": [
                  {
                     "key": "permPageSize_widget_bd56d3a4-3282-430b-8142-b562cd24b7a6_87d5f79a-6f67-407c-a38c-ab114bf61dd2",
                     "value": "n%3A50"
                  },
                  {
                     "key": "permSelectedDate_widget_bd56d3a4-3282-430b-8142-b562cd24b7a6_87d5f79a-6f67-407c-a38c-ab114bf61dd2",
                     "value": "s%3A%7B%22minType%22%3A%22.TimeIntervalControl%22%2C%22advancedTimeMode%22%3Afalse%2C%22fromTime%22%3Anull%2C%22unit%22%3A%22MINUTES%22%2C%22count%22%3A10%2C%22priorUnit%22%3Anull%2C%22priorCount%22%3Anull%2C%22startSubUnit%22%3Anull%2C%22startPeriod%22%3Anull%2C%22toTime%22%3Anull%2C%22endUnit%22%3Anull%2C%22endCount%22%3Anull%2C%22endSubUnit%22%3Anull%2C%22endPeriod%22%3Anull%2C%22isRealTimeData%22%3Anull%2C%22mondayHours%22%3A%5B%5D%2C%22tuesdayHours%22%3A%5B%5D%2C%22wednesdayHours%22%3A%5B%5D%2C%22thursdayHours%22%3A%5B%5D%2C%22fridayHours%22%3A%5B%5D%2C%22saturdayHours%22%3A%5B%5D%2C%22sundayHours%22%3A%5B%5D%7D"
                  },
                  {
                     "key": "perm_toolbarVisible_widget_bd56d3a4-3282-430b-8142-b562cd24b7a6_87d5f79a-6f67-407c-a38c-ab114bf61dd2",
                     "value": "b%3A0"
                  }
               ],
               "title": "WS1 Services",
               "type": "View"
            },
            {
               "collapsed": false,
               "config": {
                  "chartViewItems": [],
                  "isUpdatedView": true,
                  "refreshContent": {"refreshContent": true},
                  "refreshInterval": 300,
                  "resource": null,
                  "selectFirstRow": {"selectFirstRow": false},
                  "selfProvider": {"selfProvider": false},
                  "title": "WS1's VIDM Nodes",
                  "traversalSpecId": "",
                  "viewDefinitionId": "cc9166c7-c9c4-4259-a177-6f20950425d2"
               },
               "gridsterCoords": {
                  "h": 4,
                  "w": 8,
                  "x": 1,
                  "y": 6
               },
               "height": 210,
               "id": "56b580ea-929e-4464-a016-708d52eb2023",
               "states": [
                  {
                     "key": "perm_toolbarVisible_widget_bd56d3a4-3282-430b-8142-b562cd24b7a6_56b580ea-929e-4464-a016-708d52eb2023",
                     "value": "b%3A0"
                  },
                  {
                     "key": "permSelectedDate_widget_bd56d3a4-3282-430b-8142-b562cd24b7a6_56b580ea-929e-4464-a016-708d52eb2023",
                     "value": "s%3A%7B%22minType%22%3A%22.TimeIntervalControl%22%2C%22advancedTimeMode%22%3Afalse%2C%22fromTime%22%3Anull%2C%22unit%22%3A%22MINUTES%22%2C%22count%22%3A10%2C%22priorUnit%22%3Anull%2C%22priorCount%22%3Anull%2C%22startSubUnit%22%3Anull%2C%22startPeriod%22%3Anull%2C%22toTime%22%3Anull%2C%22endUnit%22%3Anull%2C%22endCount%22%3Anull%2C%22endSubUnit%22%3Anull%2C%22endPeriod%22%3Anull%2C%22isRealTimeData%22%3Anull%2C%22mondayHours%22%3A%5B%5D%2C%22tuesdayHours%22%3A%5B%5D%2C%22wednesdayHours%22%3A%5B%5D%2C%22thursdayHours%22%3A%5B%5D%2C%22fridayHours%22%3A%5B%5D%2C%22saturdayHours%22%3A%5B%5D%2C%22sundayHours%22%3A%5B%5D%7D"
                  },
                  {
                     "key": "permPageSize_widget_bd56d3a4-3282-430b-8142-b562cd24b7a6_56b580ea-929e-4464-a016-708d52eb2023",
                     "value": "n%3A50"
                  }
               ],
               "title": "WS1's VIDM Nodes",
               "type": "View"
            },
            {
               "collapsed": false,
               "config": {
                  "boxColumns": 3,
                  "boxHeight": null,
                  "customFilter": {
                     "excludedResources": null,
                     "filter": [],
                     "includedResources": null
                  },
                  "depth": 1,
                  "labelSize": 16,
                  "maxCellCount": 100,
                  "metric": {
                     "mode": "resourceKind",
                     "resourceKindMetrics": [
                        {
                           "colorMethod": 1,
                           "handleOldColoring": false,
                           "id": "extModel19912-1",
                           "isStringMetric": false,
                           "link": "",
                           "metricKey": "auditActivity|uniqueuserlogins",
                           "metricName": "Audit Activity|Unique User Logins",
                           "orangeBound": null,
                           "redBound": null,
                           "resourceKindId": "resourceKind:id:0_::_",
                           "resourceKindName": "VMware Identity Manager Adapter Instance",
                           "yellowBound": null
                        },
                        {
                           "colorMethod": 1,
                           "handleOldColoring": false,
                           "id": "extModel19912-2",
                           "isStringMetric": false,
                           "link": "",
                           "metricKey": "Super Metric|sm_f27205dd-4bac-4a22-8a13-38ff16be5c99",
                           "metricName": "Super Metrics|VIDM Service Elastic Health",
                           "metricUnitId": -1,
                           "orangeBound": null,
                           "redBound": null,
                           "resourceKindId": "resourceKind:id:0_::_",
                           "resourceKindName": "VMware Identity Manager Adapter Instance",
                           "unit": "Auto",
                           "yellowBound": null
                        },
                        {
                           "colorMethod": 1,
                           "handleOldColoring": false,
                           "id": "extModel19912-3",
                           "isStringMetric": false,
                           "link": "",
                           "metricKey": "Super Metric|sm_bccd1080-283b-495c-9a86-273695a30272",
                           "metricName": "Super Metrics|VIDM Service RMQ Health",
                           "metricUnitId": -1,
                           "orangeBound": null,
                           "redBound": null,
                           "resourceKindId": "resourceKind:id:0_::_",
                           "resourceKindName": "VMware Identity Manager Adapter Instance",
                           "unit": "Auto",
                           "yellowBound": null
                        }
                     ],
                     "resourceMetrics": [],
                     "subMode": "resourceKindAll"
                  },
                  "mode": {"layoutMode": "fixedView"},
                  "oldMetricValues": false,
                  "periodLength": "dashboardTime",
                  "refreshContent": {"refreshContent": true},
                  "refreshInterval": 300,
                  "relationshipMode": {"relationshipMode": 0},
                  "resInteractionMode": null,
                  "resource": [],
                  "roundDecimals": null,
                  "selfProvider": {"selfProvider": false},
                  "showDT": {"showDT": false},
                  "showMetricName": {"showMetricName": true},
                  "showMetricUnit": {"showMetricUnit": true},
                  "showResourceName": {"showResourceName": false},
                  "showSparkline": {"showSparkline": true},
                  "title": "WS1 Health History",
                  "valueSize": 24,
                  "visualTheme": 4
               },
               "gridsterCoords": {
                  "h": 4,
                  "w": 6,
                  "x": 7,
                  "y": 2
               },
               "height": 210,
               "id": "46d93681-05ad-4c7a-a3df-7cd985bf5ef8",
               "states": [{
                  "key": "perm_toolbarVisible_widget_bd56d3a4-3282-430b-8142-b562cd24b7a6_46d93681-05ad-4c7a-a3df-7cd985bf5ef8",
                  "value": "b%3A0"
               }],
               "title": "WS1 Health History",
               "type": "Scoreboard"
            },
            {
               "collapsed": false,
               "config": {
                  "alertAction": [],
                  "alertImpact": [],
                  "criticalityLevel": [],
                  "customFilter": {
                     "excludedResources": null,
                     "filter": [],
                     "includedResources": null
                  },
                  "depth": 2,
                  "filterMode": "tagPicker",
                  "mode": "all",
                  "refreshContent": {"refreshContent": true},
                  "refreshInterval": 300,
                  "relationshipMode": {"relationshipMode": [
                     -1,
                     0
                  ]},
                  "resource": [],
                  "selfProvider": {"selfProvider": false},
                  "state": [],
                  "status": [],
                  "tagFilter": null,
                  "title": "Alerts",
                  "type": []
               },
               "gridsterCoords": {
                  "h": 12,
                  "w": 4,
                  "x": 9,
                  "y": 6
               },
               "height": 665,
               "id": "c9622b25-6724-4d37-833d-5a7be388a407",
               "states": [
                  {
                     "key": "permViewMode_widget_bd56d3a4-3282-430b-8142-b562cd24b7a6_c9622b25-6724-4d37-833d-5a7be388a407",
                     "value": "s%3Atime"
                  },
                  {
                     "key": "permAlertGrid_perm_widget_bd56d3a4-3282-430b-8142-b562cd24b7a6_c9622b25-6724-4d37-833d-5a7be388a407",
                     "value": "o%3Acolumns%3Da%253Ao%25253Aid%25253Ds%2525253Ah1%25255Ehidden%25253Db%2525253A1%25255Ewidth%25253Dn%2525253A100%255Eo%25253Aid%25253Ds%2525253Ah2%255Eo%25253Aid%25253Ds%2525253Ah3%255Eo%25253Aid%25253Ds%2525253Ah4%255Eo%25253Aid%25253Ds%2525253Ah5%255Eo%25253Aid%25253Ds%2525253Ah6%255Eo%25253Aid%25253Ds%2525253Ah7%25255Ehidden%25253Db%2525253A1%255Eo%25253Aid%25253Ds%2525253Ah8%25255Ehidden%25253Db%2525253A1%255Eo%25253Aid%25253Ds%2525253Ah9%25255Ehidden%25253Db%2525253A1%255Eo%25253Aid%25253Ds%2525253Ah10%25255Ehidden%25253Db%2525253A1%255Eo%25253Aid%25253Ds%2525253Ah11%255Eo%25253Aid%25253Ds%2525253Ah12%255Eo%25253Aid%25253Ds%2525253Ah13%25255Ehidden%25253Db%2525253A1%255Eo%25253Aid%25253Ds%2525253Ah14%25255Ehidden%25253Db%2525253A1%255Eo%25253Aid%25253Ds%2525253Ah15%25255Ehidden%25253Db%2525253A0%5EstoreState%3Do%253Asorters%253Da%25253Ao%2525253Aroot%2525253Ds%252525253Adata%2525255Eproperty%2525253Ds%252525253AstartTimeUtc%2525255Edirection%2525253Ds%252525253ADESC%2525255Eid%2525253Ds%252525253AstartTimeUtc"
                  },
                  {
                     "key": "permDateFilter_widget_bd56d3a4-3282-430b-8142-b562cd24b7a6_c9622b25-6724-4d37-833d-5a7be388a407",
                     "value": "s%3A%7B%22dateRange%22%3A%22last30Days%22%2C%22dateFrom%22%3Anull%2C%22dateTo%22%3Anull%2C%22timeFrom%22%3Anull%2C%22timeTo%22%3Anull%7D"
                  },
                  {
                     "key": "perm_toolbarVisible_widget_bd56d3a4-3282-430b-8142-b562cd24b7a6_c9622b25-6724-4d37-833d-5a7be388a407",
                     "value": "b%3A0"
                  }
               ],
               "title": "Alerts",
               "type": "AlertList"
            },
            {
               "collapsed": true,
               "config": {
                  "editorData": "<div style=\"text-align: center;\"><b style=\"\"><font size=\"6\" style=\"\" color=\"#339966\">Access Control Monitor Dashboard<\/font><\/b><\/div>",
                  "locationFile": "",
                  "locationUrl": "",
                  "refreshContent": {"refreshContent": false},
                  "refreshInterval": 300,
                  "title": "Workspace One Access Control Monitor",
                  "viewModeHTML": true
               },
               "gridsterCoords": {
                  "h": 1,
                  "w": 12,
                  "x": 1,
                  "y": 1
               },
               "height": 95,
               "id": "d1bb8195-6d64-4313-81f0-517d5dd2079e",
               "title": "Workspace One Access Control Monitor",
               "type": "TextDisplay"
            },
            {
               "collapsed": true,
               "config": {
                  "editorData": "<div style=\"text-align: center;\"><b style=\"color: rgb(51, 153, 102);\"><font size=\"6\">\u200bVDI Monitor Dashboard<\/font><\/b><\/div>",
                  "locationFile": "",
                  "locationUrl": "",
                  "refreshContent": {"refreshContent": false},
                  "refreshInterval": 300,
                  "title": "Horizon VDI Monitor",
                  "viewModeHTML": true
               },
               "gridsterCoords": {
                  "h": 1,
                  "w": 8,
                  "x": 1,
                  "y": 10
               },
               "height": 96,
               "id": "cc86ab58-1f15-440b-bfee-409c9b401fba",
               "title": "Horizon VDI Monitor",
               "type": "TextDisplay"
            },
            {
               "collapsed": false,
               "config": {
                  "chartViewItems": [],
                  "isUpdatedView": true,
                  "refreshContent": {"refreshContent": true},
                  "refreshInterval": 300,
                  "resource": {
                     "id": "Ext.vcops.chrome.model.Resource-2",
                     "resourceId": "resource:id:1_::_",
                     "resourceKindId": "002014HorizonAdapterHorizonWorld",
                     "resourceName": "Horizon World",
                     "traversalSpecId": ""
                  },
                  "selectFirstRow": {"selectFirstRow": false},
                  "selfProvider": {"selfProvider": true},
                  "title": "PODs",
                  "traversalSpecId": null,
                  "viewDefinitionId": "2f19526a-da75-4331-aab8-c4e6dd794411"
               },
               "gridsterCoords": {
                  "h": 7,
                  "w": 8,
                  "x": 1,
                  "y": 11
               },
               "height": 380,
               "id": "dfe6c064-c115-40ed-b4cc-3569b9ec82f6",
               "states": [
                  {
                     "key": "perm_toolbarVisible_widget_bd56d3a4-3282-430b-8142-b562cd24b7a6_dfe6c064-c115-40ed-b4cc-3569b9ec82f6",
                     "value": "b%3A0"
                  },
                  {
                     "key": "permPageSize_widget_bd56d3a4-3282-430b-8142-b562cd24b7a6_dfe6c064-c115-40ed-b4cc-3569b9ec82f6",
                     "value": "n%3A50"
                  },
                  {
                     "key": "permSelectedDate_widget_bd56d3a4-3282-430b-8142-b562cd24b7a6_dfe6c064-c115-40ed-b4cc-3569b9ec82f6",
                     "value": "s%3A%7B%22minType%22%3A%22.TimeIntervalControl%22%2C%22advancedTimeMode%22%3Afalse%2C%22fromTime%22%3Anull%2C%22unit%22%3A%22MINUTES%22%2C%22count%22%3A10%2C%22priorUnit%22%3Anull%2C%22priorCount%22%3Anull%2C%22startSubUnit%22%3Anull%2C%22startPeriod%22%3Anull%2C%22toTime%22%3Anull%2C%22endUnit%22%3Anull%2C%22endCount%22%3Anull%2C%22endSubUnit%22%3Anull%2C%22endPeriod%22%3Anull%2C%22isRealTimeData%22%3Anull%2C%22mondayHours%22%3A%5B%5D%2C%22tuesdayHours%22%3A%5B%5D%2C%22wednesdayHours%22%3A%5B%5D%2C%22thursdayHours%22%3A%5B%5D%2C%22fridayHours%22%3A%5B%5D%2C%22saturdayHours%22%3A%5B%5D%2C%22sundayHours%22%3A%5B%5D%7D"
                  }
               ],
               "title": "PODs",
               "type": "View"
            },
            {
               "collapsed": false,
               "config": {
                  "chartViewItems": [],
                  "isUpdatedView": true,
                  "refreshContent": {"refreshContent": true},
                  "refreshInterval": 300,
                  "resource": null,
                  "selectFirstRow": {"selectFirstRow": false},
                  "selfProvider": {"selfProvider": false},
                  "title": "Connection Servers",
                  "traversalSpecId": "",
                  "viewDefinitionId": "2c1c1b98-e10d-4457-bd91-41f86ab2a569"
               },
               "gridsterCoords": {
                  "h": 7,
                  "w": 7,
                  "x": 1,
                  "y": 18
               },
               "height": 381,
               "id": "98270a5d-0eb0-4c93-8ddb-11eb5271d094",
               "states": [
                  {
                     "key": "perm_toolbarVisible_widget_bd56d3a4-3282-430b-8142-b562cd24b7a6_98270a5d-0eb0-4c93-8ddb-11eb5271d094",
                     "value": "b%3A0"
                  },
                  {
                     "key": "permPageSize_widget_bd56d3a4-3282-430b-8142-b562cd24b7a6_98270a5d-0eb0-4c93-8ddb-11eb5271d094",
                     "value": "n%3A50"
                  },
                  {
                     "key": "permSelectedDate_widget_bd56d3a4-3282-430b-8142-b562cd24b7a6_98270a5d-0eb0-4c93-8ddb-11eb5271d094",
                     "value": "s%3A%7B%22minType%22%3A%22.TimeIntervalControl%22%2C%22advancedTimeMode%22%3Afalse%2C%22fromTime%22%3Anull%2C%22unit%22%3A%22MINUTES%22%2C%22count%22%3A10%2C%22priorUnit%22%3Anull%2C%22priorCount%22%3Anull%2C%22startSubUnit%22%3Anull%2C%22startPeriod%22%3Anull%2C%22toTime%22%3Anull%2C%22endUnit%22%3Anull%2C%22endCount%22%3Anull%2C%22endSubUnit%22%3Anull%2C%22endPeriod%22%3Anull%2C%22isRealTimeData%22%3Anull%2C%22mondayHours%22%3A%5B%5D%2C%22tuesdayHours%22%3A%5B%5D%2C%22wednesdayHours%22%3A%5B%5D%2C%22thursdayHours%22%3A%5B%5D%2C%22fridayHours%22%3A%5B%5D%2C%22saturdayHours%22%3A%5B%5D%2C%22sundayHours%22%3A%5B%5D%7D"
                  }
               ],
               "title": "Connection Servers",
               "type": "View"
            },
            {
               "collapsed": false,
               "config": {
                  "configs": [{
                     "attributeKind": {"value": ""},
                     "color": {"thresholds": {
                        "colors": [
                           "#FF0000",
                           "#FF0000",
                           "#FF6600",
                           "#FFFF00",
                           "#00FF00"
                        ],
                        "values": [
                           0,
                           50,
                           70,
                           90
                        ]
                     }},
                     "colorBy": {
                        "metricKey": "badge|health",
                        "value": "Badge|Health (%)"
                     },
                     "filterMode": "tagPicker",
                     "focusOnGroups": true,
                     "groupBy": {
                        "adapterKind": "HorizonAdapter",
                        "id": "004null002014HorizonAdapterPod",
                        "originalText": "Horizon Pod",
                        "parentId": "HorizonAdapter",
                        "parentText": "VMware Horizon Adapter",
                        "resourceKind": "Pod",
                        "text": "Horizon Pod",
                        "type": "resourceKind",
                        "typeId": "resourceKind:id:1_::_"
                     },
                     "mode": {"mode": false},
                     "name": "VDI VM",
                     "relationalGrouping": false,
                     "resourceKind": "resourceKind:id:2_::_",
                     "sizeBy": {
                        "metricKey": "summary|connectedSessions",
                        "value": "Summary|Number of Connected Sessions"
                     },
                     "solidColoring": true,
                     "thenBy": null
                  }],
                  "depth": 10,
                  "mode": "all",
                  "refreshContent": {"refreshContent": true},
                  "refreshInterval": 300,
                  "relationshipMode": {"relationshipMode": [
                     1,
                     -1,
                     0
                  ]},
                  "resource": [],
                  "selfProvider": {"selfProvider": false},
                  "title": "VDI Pools",
                  "value": 0
               },
               "gridsterCoords": {
                  "h": 7,
                  "w": 5,
                  "x": 8,
                  "y": 18
               },
               "height": 381,
               "id": "f715faac-2d51-4e62-ad9e-f787028446cb",
               "states": [
                  {
                     "key": "perm_toolbarVisible_widget_bd56d3a4-3282-430b-8142-b562cd24b7a6_f715faac-2d51-4e62-ad9e-f787028446cb",
                     "value": "b%3A0"
                  },
                  {
                     "key": "perm_HeatMap_widget_bd56d3a4-3282-430b-8142-b562cd24b7a6_f715faac-2d51-4e62-ad9e-f787028446cb",
                     "value": "o%3A"
                  }
               ],
               "title": "VDI Pools",
               "type": "Heatmap"
            }
         ]
      },
      {
         "autoswitchEnabled": false,
         "columnCount": 1,
         "columnProportion": "1-1",
         "creationTime": 1658324373827,
         "dashboardNavigations": {},
         "description": "",
         "disabled": false,
         "gridsterMaxColumns": 12,
         "hidden": false,
         "homeTab": false,
         "id": "5617519d-056d-4ace-a57c-1cc368c9340b",
         "importAttempts": 0,
         "importComplete": true,
         "lastUpdateTime": 1658471157135,
         "lastUpdateUserId": "bef0fe5f-8593-4dbf-b6e7-dae71be4039c",
         "locked": false,
         "name": "[DEMO] VDI User",
         "rank": 0,
         "shared": false,
         "states": [{
            "key": "permDashboardTime_dashboard_5617519d-056d-4ace-a57c-1cc368c9340b",
            "value": "o%3AdateRange%3Ds%253Alast6Hour%5EdateRangeText%3Ds%253A6H"
         }],
         "temporary": false,
         "userId": "bef0fe5f-8593-4dbf-b6e7-dae71be4039c",
         "widgetInteractions": [
            {
               "type": "resourceId",
               "widgetIdProvider": "2b31c807-37ec-4243-9a0e-aff35a39cca2",
               "widgetIdReceiver": "7b43e0e1-7e28-4ff0-87b0-63c6d68e64d1"
            },
            {
               "type": "resourceId",
               "widgetIdProvider": "2b31c807-37ec-4243-9a0e-aff35a39cca2",
               "widgetIdReceiver": "2337aa5c-2748-4d1b-b0eb-f09a098261db"
            },
            {
               "type": "resourceId",
               "widgetIdProvider": "2b31c807-37ec-4243-9a0e-aff35a39cca2",
               "widgetIdReceiver": "096aaca6-21aa-4305-bea0-8c5197b826ab"
            },
            {
               "type": "resourceId",
               "widgetIdProvider": "2b31c807-37ec-4243-9a0e-aff35a39cca2",
               "widgetIdReceiver": "af0fa902-d5c8-4260-bb9a-ed988f910c2c"
            },
            {
               "type": "resourceId",
               "widgetIdProvider": "c341e530-2d2e-4069-9677-75ee207a5b1b",
               "widgetIdReceiver": "2b31c807-37ec-4243-9a0e-aff35a39cca2"
            },
            {
               "type": "resourceId",
               "widgetIdProvider": "c341e530-2d2e-4069-9677-75ee207a5b1b",
               "widgetIdReceiver": "7b43e0e1-7e28-4ff0-87b0-63c6d68e64d1"
            },
            {
               "type": "resourceId",
               "widgetIdProvider": "c341e530-2d2e-4069-9677-75ee207a5b1b",
               "widgetIdReceiver": "2337aa5c-2748-4d1b-b0eb-f09a098261db"
            },
            {
               "type": "resourceId",
               "widgetIdProvider": "c341e530-2d2e-4069-9677-75ee207a5b1b",
               "widgetIdReceiver": "af0fa902-d5c8-4260-bb9a-ed988f910c2c"
            },
            {
               "type": "resourceId",
               "widgetIdProvider": "2b31c807-37ec-4243-9a0e-aff35a39cca2",
               "widgetIdReceiver": "521dd319-6574-408a-8577-4689c61a3b3c"
            },
            {
               "type": "metricId",
               "widgetIdProvider": "521dd319-6574-408a-8577-4689c61a3b3c",
               "widgetIdReceiver": "4846e7cc-7490-4489-a3f7-90fe18a15b5a"
            },
            {
               "type": "resourceId",
               "widgetIdProvider": "c341e530-2d2e-4069-9677-75ee207a5b1b",
               "widgetIdReceiver": "521dd319-6574-408a-8577-4689c61a3b3c"
            }
         ],
         "widgets": [
            {
               "collapsed": false,
               "config": {
                  "chartViewItems": [],
                  "isUpdatedView": true,
                  "refreshContent": {"refreshContent": true},
                  "refreshInterval": 300,
                  "resource": null,
                  "selectFirstRow": {"selectFirstRow": false},
                  "selfProvider": {"selfProvider": false},
                  "title": "User's VDI VM",
                  "traversalSpecId": "",
                  "viewDefinitionId": "5ba0e2e4-dd4b-4efd-bc14-8d7ba8e5c6c5"
               },
               "gridsterCoords": {
                  "h": 4,
                  "w": 8,
                  "x": 5,
                  "y": 1
               },
               "height": 210,
               "id": "2b31c807-37ec-4243-9a0e-aff35a39cca2",
               "states": [{
                  "key": "perm_toolbarVisible_widget_5617519d-056d-4ace-a57c-1cc368c9340b_2b31c807-37ec-4243-9a0e-aff35a39cca2",
                  "value": "b%3A0"
               }],
               "title": "User's VDI VM",
               "type": "View"
            },
            {
               "collapsed": false,
               "config": {
                  "refreshContent": {"refreshContent": false},
                  "refreshInterval": 300,
                  "resource": null,
                  "selfProvider": {"selfProvider": false},
                  "title": "Workload Pattern"
               },
               "gridsterCoords": {
                  "h": 6,
                  "w": 8,
                  "x": 5,
                  "y": 5
               },
               "height": 324,
               "id": "096aaca6-21aa-4305-bea0-8c5197b826ab",
               "title": "Workload Pattern",
               "type": "IntSummaryStress"
            },
            {
               "collapsed": false,
               "config": {
                  "alertAction": [],
                  "alertImpact": [],
                  "criticalityLevel": [],
                  "customFilter": {
                     "excludedResources": null,
                     "filter": [],
                     "includedResources": null
                  },
                  "depth": 1,
                  "filterMode": "tagPicker",
                  "mode": "all",
                  "refreshContent": {"refreshContent": true},
                  "refreshInterval": 300,
                  "relationshipMode": {"relationshipMode": [
                     -1,
                     0
                  ]},
                  "resource": [],
                  "selfProvider": {"selfProvider": false},
                  "state": [],
                  "status": [],
                  "tagFilter": null,
                  "title": "Alerts",
                  "type": []
               },
               "gridsterCoords": {
                  "h": 6,
                  "w": 4,
                  "x": 9,
                  "y": 11
               },
               "height": 324,
               "id": "7b43e0e1-7e28-4ff0-87b0-63c6d68e64d1",
               "states": [
                  {
                     "key": "perm_toolbarVisible_widget_5617519d-056d-4ace-a57c-1cc368c9340b_7b43e0e1-7e28-4ff0-87b0-63c6d68e64d1",
                     "value": "b%3A0"
                  },
                  {
                     "key": "permAlertGrid_perm_widget_5617519d-056d-4ace-a57c-1cc368c9340b_7b43e0e1-7e28-4ff0-87b0-63c6d68e64d1",
                     "value": "o%3Acolumns%3Da%253Ao%25253Aid%25253Ds%2525253Ah1%25255Ehidden%25253Db%2525253A1%25255Ewidth%25253Dn%2525253A100%255Eo%25253Aid%25253Ds%2525253Ah2%255Eo%25253Aid%25253Ds%2525253Ah3%255Eo%25253Aid%25253Ds%2525253Ah4%255Eo%25253Aid%25253Ds%2525253Ah5%255Eo%25253Aid%25253Ds%2525253Ah6%255Eo%25253Aid%25253Ds%2525253Ah7%25255Ehidden%25253Db%2525253A1%255Eo%25253Aid%25253Ds%2525253Ah8%25255Ehidden%25253Db%2525253A1%255Eo%25253Aid%25253Ds%2525253Ah9%25255Ehidden%25253Db%2525253A1%255Eo%25253Aid%25253Ds%2525253Ah10%25255Ehidden%25253Db%2525253A1%255Eo%25253Aid%25253Ds%2525253Ah11%255Eo%25253Aid%25253Ds%2525253Ah12%255Eo%25253Aid%25253Ds%2525253Ah13%25255Ehidden%25253Db%2525253A1%255Eo%25253Aid%25253Ds%2525253Ah14%25255Ehidden%25253Db%2525253A1%255Eo%25253Aid%25253Ds%2525253Ah15%25255Ehidden%25253Db%2525253A0%5EstoreState%3Do%253Asorters%253Da%25253Ao%2525253Aroot%2525253Ds%252525253Adata%2525255Eproperty%2525253Ds%252525253AstartTimeUtc%2525255Edirection%2525253Ds%252525253ADESC%2525255Eid%2525253Ds%252525253AstartTimeUtc"
                  },
                  {
                     "key": "permViewMode_widget_5617519d-056d-4ace-a57c-1cc368c9340b_7b43e0e1-7e28-4ff0-87b0-63c6d68e64d1",
                     "value": "s%3Atime"
                  },
                  {
                     "key": "permDateFilter_widget_5617519d-056d-4ace-a57c-1cc368c9340b_7b43e0e1-7e28-4ff0-87b0-63c6d68e64d1",
                     "value": "s%3A%7B%22dateRange%22%3A%22last30Days%22%2C%22dateFrom%22%3Anull%2C%22dateTo%22%3Anull%2C%22timeFrom%22%3Anull%2C%22timeTo%22%3Anull%7D"
                  }
               ],
               "title": "Alerts",
               "type": "AlertList"
            },
            {
               "collapsed": false,
               "config": {
                  "customFilter": {
                     "excludedResources": null,
                     "filter": [],
                     "includedResources": null
                  },
                  "depth": "3,2",
                  "filterMode": "tagPicker",
                  "refreshContent": {"refreshContent": false},
                  "refreshInterval": 300,
                  "resourceId": null,
                  "resourceName": null,
                  "selfProvider": {"selfProvider": false},
                  "tagFilter": {
                     "path": [
                        "/source/kind/kind:resourceKind:id:1_::_",
                        "/source/kind/kind:resourceKind:id:3_::_",
                        "/source/kind/kind:resourceKind:id:4_::_",
                        "/source/kind/kind:resourceKind:id:5_::_",
                        "/source/kind/kind:resourceKind:id:6_::_",
                        "/source/kind/kind:resourceKind:id:2_::_",
                        "/source/kind/kind:resourceKind:id:7_::_",
                        "/source/kind/kind:resourceKind:id:8_::_",
                        "/source/kind/kind:resourceKind:id:9_::_",
                        "/source/kind/kind:resourceKind:id:10_::_",
                        "/source/kind/kind:resourceKind:id:11_::_",
                        "/source/kind/kind:resourceKind:id:12_::_",
                        "/source/kind/kind:resourceKind:id:13_::_"
                     ],
                     "value": {
                        "adapterInstance": [],
                        "adapterKind": [],
                        "bus": [],
                        "collector": [],
                        "day": [],
                        "exclaim": false,
                        "healthRange": [],
                        "kind": [
                           "resourceKind:id:1_::_",
                           "resourceKind:id:3_::_",
                           "resourceKind:id:4_::_",
                           "resourceKind:id:5_::_",
                           "resourceKind:id:6_::_",
                           "resourceKind:id:2_::_",
                           "resourceKind:id:7_::_",
                           "resourceKind:id:8_::_",
                           "resourceKind:id:9_::_",
                           "resourceKind:id:10_::_",
                           "resourceKind:id:11_::_",
                           "resourceKind:id:12_::_",
                           "resourceKind:id:13_::_"
                        ],
                        "maintenanceSchedule": [],
                        "state": [],
                        "status": [],
                        "tag": [],
                        "tier": []
                     }
                  },
                  "title": "Relations",
                  "traversalSpecId": ""
               },
               "gridsterCoords": {
                  "h": 7,
                  "w": 6,
                  "x": 7,
                  "y": 17
               },
               "height": 381,
               "id": "af0fa902-d5c8-4260-bb9a-ed988f910c2c",
               "states": [
                  {
                     "key": "perm_toolbarVisible_widget_5617519d-056d-4ace-a57c-1cc368c9340b_af0fa902-d5c8-4260-bb9a-ed988f910c2c",
                     "value": "b%3A0"
                  },
                  {
                     "key": "perm_ResourceRelationshipTree_widget_5617519d-056d-4ace-a57c-1cc368c9340b_af0fa902-d5c8-4260-bb9a-ed988f910c2c",
                     "value": "o%3A"
                  }
               ],
               "title": "Relations",
               "type": "ResourceRelationshipAdvanced"
            },
            {
               "collapsed": false,
               "config": {
                  "columnSequence": {"columnSequence": "graphFirst"},
                  "customFilter": {
                     "excludedResources": null,
                     "filter": [],
                     "includedResources": null
                  },
                  "depth": 1,
                  "metric": {
                     "mode": "resourceKind",
                     "resourceKindMetrics": [
                        {
                           "colorMethod": 1,
                           "handleOldColoring": false,
                           "id": "extModel7907-5",
                           "isStringMetric": false,
                           "metricKey": "summary|connectedSessions",
                           "metricName": "Summary|Number of Connected Sessions",
                           "orangeBound": null,
                           "redBound": null,
                           "resourceKindId": "resourceKind:id:4_::_",
                           "resourceKindName": "Horizon User",
                           "yellowBound": null
                        },
                        {
                           "colorMethod": 1,
                           "handleOldColoring": false,
                           "id": "extModel7907-4",
                           "isStringMetric": false,
                           "metricKey": "idleDuration",
                           "metricName": "Idle Duration",
                           "metricUnitId": "min",
                           "orangeBound": null,
                           "redBound": null,
                           "resourceKindId": "resourceKind:id:4_::_",
                           "resourceKindName": "Horizon User",
                           "unit": "Minute(s)",
                           "yellowBound": null
                        },
                        {
                           "colorMethod": 1,
                           "handleOldColoring": false,
                           "id": "extModel7907-1",
                           "isStringMetric": false,
                           "metricKey": "vdiDesktop|cpu|usageAvg",
                           "metricName": "VDI Desktop|CPU|Usage",
                           "metricUnitId": "percent",
                           "orangeBound": null,
                           "redBound": null,
                           "resourceKindId": "resourceKind:id:4_::_",
                           "resourceKindName": "Horizon User",
                           "unit": "%",
                           "yellowBound": null
                        },
                        {
                           "colorMethod": 1,
                           "handleOldColoring": false,
                           "id": "extModel7907-2",
                           "isStringMetric": false,
                           "metricKey": "vdiDesktop|memory|freeMemoryAvg",
                           "metricName": "VDI Desktop|Memory|Available Memory",
                           "metricUnitId": "mb",
                           "orangeBound": null,
                           "redBound": null,
                           "resourceKindId": "resourceKind:id:4_::_",
                           "resourceKindName": "Horizon User",
                           "unit": "MB",
                           "yellowBound": null
                        },
                        {
                           "colorMethod": 1,
                           "handleOldColoring": false,
                           "id": "extModel7907-3",
                           "isStringMetric": false,
                           "metricKey": "vdiDesktop|disk|diskThroughput",
                           "metricName": "VDI Desktop|Disk|Disk Throughput",
                           "metricUnitId": "mbps",
                           "orangeBound": null,
                           "redBound": null,
                           "resourceKindId": "resourceKind:id:4_::_",
                           "resourceKindName": "Horizon User",
                           "unit": "MBps",
                           "yellowBound": null
                        },
                        {
                           "colorMethod": 1,
                           "handleOldColoring": false,
                           "id": "extModel4569-4",
                           "isStringMetric": false,
                           "metricKey": "cpu|usage_average",
                           "metricName": "CPU|Usage",
                           "metricUnitId": "percent",
                           "orangeBound": null,
                           "redBound": null,
                           "resourceKindId": "resourceKind:id:8_::_",
                           "resourceKindName": "Virtual Machine",
                           "unit": "%",
                           "yellowBound": null
                        },
                        {
                           "colorMethod": 1,
                           "handleOldColoring": false,
                           "id": "extModel4569-1",
                           "isStringMetric": false,
                           "metricKey": "guest|used_memory",
                           "metricName": "Guest|Used Memory",
                           "metricUnitId": "kb",
                           "orangeBound": null,
                           "redBound": null,
                           "resourceKindId": "resourceKind:id:8_::_",
                           "resourceKindName": "Virtual Machine",
                           "unit": "KB",
                           "yellowBound": null
                        },
                        {
                           "colorMethod": 1,
                           "handleOldColoring": false,
                           "id": "extModel4569-2",
                           "isStringMetric": false,
                           "metricKey": "guest|mem.needed_latest",
                           "metricName": "Guest|Needed Memory",
                           "metricUnitId": "kb",
                           "orangeBound": null,
                           "redBound": null,
                           "resourceKindId": "resourceKind:id:8_::_",
                           "resourceKindName": "Virtual Machine",
                           "unit": "KB",
                           "yellowBound": null
                        },
                        {
                           "colorMethod": 1,
                           "handleOldColoring": false,
                           "id": "extModel4569-3",
                           "isStringMetric": false,
                           "metricKey": "mem|vmMemoryDemand",
                           "metricName": "Memory|Utilization",
                           "metricUnitId": "kb",
                           "orangeBound": null,
                           "redBound": null,
                           "resourceKindId": "resourceKind:id:8_::_",
                           "resourceKindName": "Virtual Machine",
                           "unit": "KB",
                           "yellowBound": null
                        },
                        {
                           "colorMethod": 1,
                           "handleOldColoring": false,
                           "id": "extModel4569-5",
                           "isStringMetric": false,
                           "metricKey": "guestfilesystem|percentage_total",
                           "metricName": "Guest File System|Utilization",
                           "metricUnitId": "percent",
                           "orangeBound": null,
                           "redBound": null,
                           "resourceKindId": "resourceKind:id:8_::_",
                           "resourceKindName": "Virtual Machine",
                           "unit": "%",
                           "yellowBound": null
                        },
                        {
                           "colorMethod": 1,
                           "handleOldColoring": false,
                           "id": "extModel4569-6",
                           "isStringMetric": false,
                           "metricKey": "net|usage_average",
                           "metricName": "Network|Usage Rate",
                           "metricUnitId": "kbps",
                           "orangeBound": null,
                           "redBound": null,
                           "resourceKindId": "resourceKind:id:8_::_",
                           "resourceKindName": "Virtual Machine",
                           "unit": "KBps",
                           "yellowBound": null
                        },
                        {
                           "colorMethod": 1,
                           "handleOldColoring": false,
                           "id": "extModel4569-7",
                           "isStringMetric": false,
                           "metricKey": "net:Aggregate of all instances|droppedPct",
                           "metricName": "Network:Aggregate of all instances|Packets Dropped",
                           "metricUnitId": "percent",
                           "orangeBound": null,
                           "redBound": null,
                           "resourceKindId": "resourceKind:id:8_::_",
                           "resourceKindName": "Virtual Machine",
                           "unit": "%",
                           "yellowBound": null
                        }
                     ],
                     "resourceMetrics": [],
                     "subMode": "resourceKindAll"
                  },
                  "refreshContent": {"refreshContent": true},
                  "refreshInterval": 300,
                  "relationshipMode": {"relationshipMode": 0},
                  "resInteractionMode": null,
                  "resource": [],
                  "selfProvider": {"selfProvider": false},
                  "showDT": {"showDT": true},
                  "showResourceName": {"showObjectName": false},
                  "title": "Vital Metrics History"
               },
               "gridsterCoords": {
                  "h": 6,
                  "w": 4,
                  "x": 5,
                  "y": 11
               },
               "height": 324,
               "id": "2337aa5c-2748-4d1b-b0eb-f09a098261db",
               "states": [
                  {
                     "key": "permDateRange_widget_5617519d-056d-4ace-a57c-1cc368c9340b_2337aa5c-2748-4d1b-b0eb-f09a098261db",
                     "value": "s%3A%7B%22dateRange%22%3A%22dashboardTime%22%2C%22dateFrom%22%3Anull%2C%22dateTo%22%3Anull%2C%22timeFrom%22%3Anull%2C%22timeTo%22%3Anull%7D"
                  },
                  {
                     "key": "perm_toolbarVisible_widget_5617519d-056d-4ace-a57c-1cc368c9340b_2337aa5c-2748-4d1b-b0eb-f09a098261db",
                     "value": "b%3A0"
                  }
               ],
               "title": "Vital Metrics History",
               "type": "SparklineChart"
            },
            {
               "collapsed": false,
               "config": {
                  "chartViewItems": [],
                  "isUpdatedView": true,
                  "refreshContent": {"refreshContent": true},
                  "refreshInterval": 300,
                  "resource": {
                     "id": "Ext.vcops.chrome.model.Resource-6",
                     "resourceId": "resource:id:1_::_",
                     "resourceKindId": "002014HorizonAdapterHorizonWorld",
                     "resourceName": "Horizon World",
                     "traversalSpecId": ""
                  },
                  "selectFirstRow": {"selectFirstRow": false},
                  "selfProvider": {"selfProvider": true},
                  "title": "Users",
                  "traversalSpecId": null,
                  "viewDefinitionId": "9016d8b3-5a6b-4982-a7a2-527900631316"
               },
               "gridsterCoords": {
                  "h": 16,
                  "w": 4,
                  "x": 1,
                  "y": 1
               },
               "height": 894,
               "id": "c341e530-2d2e-4069-9677-75ee207a5b1b",
               "states": [
                  {
                     "key": "permSelectedDate_widget_5617519d-056d-4ace-a57c-1cc368c9340b_c341e530-2d2e-4069-9677-75ee207a5b1b",
                     "value": "s%3A%7B%22minType%22%3A%22.TimeIntervalControl%22%2C%22advancedTimeMode%22%3Afalse%2C%22fromTime%22%3Anull%2C%22unit%22%3A%22MINUTES%22%2C%22count%22%3A10%2C%22priorUnit%22%3Anull%2C%22priorCount%22%3Anull%2C%22startSubUnit%22%3Anull%2C%22startPeriod%22%3Anull%2C%22toTime%22%3Anull%2C%22endUnit%22%3Anull%2C%22endCount%22%3Anull%2C%22endSubUnit%22%3Anull%2C%22endPeriod%22%3Anull%2C%22isRealTimeData%22%3Anull%2C%22mondayHours%22%3A%5B%5D%2C%22tuesdayHours%22%3A%5B%5D%2C%22wednesdayHours%22%3A%5B%5D%2C%22thursdayHours%22%3A%5B%5D%2C%22fridayHours%22%3A%5B%5D%2C%22saturdayHours%22%3A%5B%5D%2C%22sundayHours%22%3A%5B%5D%7D"
                  },
                  {
                     "key": "permPageSize_widget_5617519d-056d-4ace-a57c-1cc368c9340b_c341e530-2d2e-4069-9677-75ee207a5b1b",
                     "value": "n%3A25"
                  },
                  {
                     "key": "perm_toolbarVisible_widget_5617519d-056d-4ace-a57c-1cc368c9340b_c341e530-2d2e-4069-9677-75ee207a5b1b",
                     "value": "b%3A0"
                  }
               ],
               "title": "Users",
               "type": "View"
            },
            {
               "collapsed": false,
               "config": {
                  "refreshContent": {"refreshContent": false},
                  "refreshInterval": 300,
                  "title": "Metrics"
               },
               "gridsterCoords": {
                  "h": 7,
                  "w": 2,
                  "x": 1,
                  "y": 17
               },
               "height": 380,
               "id": "521dd319-6574-408a-8577-4689c61a3b3c",
               "states": [
                  {
                     "key": "perm_toolbarVisible_widget_5617519d-056d-4ace-a57c-1cc368c9340b_521dd319-6574-408a-8577-4689c61a3b3c",
                     "value": "b%3A0"
                  },
                  {
                     "key": "permFetchCollectingMetrics_permMetricPicker_widget_5617519d-056d-4ace-a57c-1cc368c9340b_521dd319-6574-408a-8577-4689c61a3b3c",
                     "value": "b%3A0"
                  },
                  {
                     "key": "permMetricPicker_widget_5617519d-056d-4ace-a57c-1cc368c9340b_521dd319-6574-408a-8577-4689c61a3b3c",
                     "value": "o%3Acolumns%3Da%253Ao%25253Aid%25253Ds%2525253Ah1"
                  },
                  {
                     "key": "permFetchCommonMetrics_permMetricPicker_widget_5617519d-056d-4ace-a57c-1cc368c9340b_521dd319-6574-408a-8577-4689c61a3b3c",
                     "value": "b%3A0"
                  },
                  {
                     "key": "permFetchPropertyMetrics_permMetricPicker_widget_5617519d-056d-4ace-a57c-1cc368c9340b_521dd319-6574-408a-8577-4689c61a3b3c",
                     "value": "b%3A0"
                  }
               ],
               "title": "Metrics",
               "type": "MetricPicker"
            },
            {
               "collapsed": false,
               "config": {
                  "customFilter": {
                     "excludedResources": null,
                     "filter": [],
                     "includedResources": null
                  },
                  "depth": 1,
                  "metric": {
                     "mode": "resourceKind",
                     "resourceKindMetrics": [],
                     "resourceMetrics": [],
                     "subMode": "resourceKindAll"
                  },
                  "refreshContent": {"refreshContent": true},
                  "refreshInterval": 300,
                  "relationshipMode": {"relationshipMode": 0},
                  "resInteractionMode": null,
                  "resource": [],
                  "selfProvider": {"selfProvider": false},
                  "title": "Metric Charts"
               },
               "gridsterCoords": {
                  "h": 7,
                  "w": 4,
                  "x": 3,
                  "y": 17
               },
               "height": 380,
               "id": "4846e7cc-7490-4489-a3f7-90fe18a15b5a",
               "states": [
                  {
                     "key": "permDateRange1_permMetricChart_widget_5617519d-056d-4ace-a57c-1cc368c9340b_4846e7cc-7490-4489-a3f7-90fe18a15b5a",
                     "value": "s%3A%7B%22dateRange%22%3A%22dashboardTime%22%2C%22dateFrom%22%3Anull%2C%22dateTo%22%3Anull%2C%22timeFrom%22%3Anull%2C%22timeTo%22%3Anull%7D"
                  },
                  {
                     "key": "permMetricChart_widget_5617519d-056d-4ace-a57c-1cc368c9340b_4846e7cc-7490-4489-a3f7-90fe18a15b5a",
                     "value": "o%3A"
                  },
                  {
                     "key": "permBtn_pan_permMetricChart_widget_5617519d-056d-4ace-a57c-1cc368c9340b_4846e7cc-7490-4489-a3f7-90fe18a15b5a",
                     "value": "b%3A0"
                  },
                  {
                     "key": "permBtn_zoomAllGraphs_permMetricChart_widget_5617519d-056d-4ace-a57c-1cc368c9340b_4846e7cc-7490-4489-a3f7-90fe18a15b5a",
                     "value": "b%3A0"
                  },
                  {
                     "key": "perm_toolbarVisible_widget_5617519d-056d-4ace-a57c-1cc368c9340b_4846e7cc-7490-4489-a3f7-90fe18a15b5a",
                     "value": "b%3A0"
                  }
               ],
               "title": "Metric Charts",
               "type": "MetricChart"
            }
         ]
      }
   ],
   "entries": {
      "resource": [
         {
            "adapterKindKey": "HorizonAdapter",
            "identifiers": [{
               "key": "Name",
               "value": "Horizon World"
            }],
            "internalId": "resource:id:1_::_",
            "name": "Horizon World",
            "resourceKindKey": "HorizonWorld"
         },
         {
            "adapterKindKey": "IdentityManagerAdapter",
            "identifiers": [],
            "internalId": "resource:id:0_::_",
            "name": "Identity Manager World",
            "resourceKindKey": "Identity Manager World"
         }
      ],
      "resourceKind": [
         {
            "adapterKindKey": "HorizonAdapter",
            "internalId": "resourceKind:id:4_::_",
            "resourceKindKey": "User"
         },
         {
            "adapterKindKey": "VMWARE",
            "internalId": "resourceKind:id:9_::_",
            "resourceKindKey": "VMFolder"
         },
         {
            "adapterKindKey": "VMWARE",
            "internalId": "resourceKind:id:12_::_",
            "resourceKindKey": "Datacenter"
         },
         {
            "adapterKindKey": "VMWARE",
            "internalId": "resourceKind:id:8_::_",
            "resourceKindKey": "VirtualMachine"
         },
         {
            "adapterKindKey": "HorizonAdapter",
            "internalId": "resourceKind:id:2_::_",
            "resourceKindKey": "VDIPool"
         },
         {
            "adapterKindKey": "HorizonAdapter",
            "internalId": "resourceKind:id:13_::_",
            "resourceKindKey": "CloudPodFederation"
         },
         {
            "adapterKindKey": "SDDCHealthAdapter",
            "internalId": "resourceKind:id:6_::_",
            "resourceKindKey": "VCENTER"
         },
         {
            "adapterKindKey": "HorizonAdapter",
            "internalId": "resourceKind:id:7_::_",
            "resourceKindKey": "VDISession"
         },
         {
            "adapterKindKey": "VMWARE",
            "internalId": "resourceKind:id:3_::_",
            "resourceKindKey": "HostSystem"
         },
         {
            "adapterKindKey": "VMWARE",
            "internalId": "resourceKind:id:5_::_",
            "resourceKindKey": "VMwareAdapter Instance"
         },
         {
            "adapterKindKey": "IdentityManagerAdapter",
            "internalId": "resourceKind:id:0_::_",
            "resourceKindKey": "IdentityManagerAdapterInstance"
         },
         {
            "adapterKindKey": "VMWARE",
            "internalId": "resourceKind:id:10_::_",
            "resourceKindKey": "ClusterComputeResource"
         },
         {
            "adapterKindKey": "HorizonAdapter",
            "internalId": "resourceKind:id:1_::_",
            "resourceKindKey": "Pod"
         },
         {
            "adapterKindKey": "VMWARE",
            "internalId": "resourceKind:id:11_::_",
            "resourceKindKey": "Datastore"
         }
      ]
   },
   "uuid": "b05f6361-2251-4251-bd8e-1d53ebdc7c4b"
}