{
   "dashboards": [{
      "autoswitchEnabled": false,
      "columnCount": 1,
      "columnProportion": "1-1",
      "creationTime": 1652333113592,
      "dashboardNavigations": {},
      "description": "",
      "disabled": false,
      "gridsterMaxColumns": 12,
      "hidden": false,
      "homeTab": false,
      "id": "3d273de7-f8e9-4d51-8d88-e33399c1a722",
      "importAttempts": 0,
      "importComplete": true,
      "lastUpdateTime": 1658720477783,
      "lastUpdateUserId": "67726965-c9a2-4b58-ac33-449c14a17912",
      "locked": false,
      "name": "Kubernetes World",
      "rank": 0,
      "shared": false,
      "states": [{
         "key": "permDashboardTime_dashboard_3d273de7-f8e9-4d51-8d88-e33399c1a722",
         "value": "o%3AdateRange%3Ds%253AlastHour%5EdateRangeText%3Ds%253A1H"
      }],
      "temporary": false,
      "userId": "67726965-c9a2-4b58-ac33-449c14a17912",
      "widgetInteractions": [
         {
            "type": "resourceId",
            "widgetIdProvider": "6f43ae21-5d63-40a6-b96d-ec1ba2c7f905",
            "widgetIdReceiver": "06184b78-343a-42e1-bcf8-a602bfebd16b"
         },
         {
            "type": "resourceId",
            "widgetIdProvider": "6f43ae21-5d63-40a6-b96d-ec1ba2c7f905",
            "widgetIdReceiver": "0593937e-ddf5-42a0-9e15-c79cc642c6ee"
         },
         {
            "type": "resourceId",
            "widgetIdProvider": "06184b78-343a-42e1-bcf8-a602bfebd16b",
            "widgetIdReceiver": "56662fa9-a39b-4f5f-bd9c-83598b7cae48"
         },
         {
            "type": "metricId",
            "widgetIdProvider": "56662fa9-a39b-4f5f-bd9c-83598b7cae48",
            "widgetIdReceiver": "c78f3a19-20e1-4c99-92e1-6d9ffe1f4d4b"
         },
         {
            "type": "resourceId",
            "widgetIdProvider": "06184b78-343a-42e1-bcf8-a602bfebd16b",
            "widgetIdReceiver": "b2a3eeb9-a37b-4c34-9897-4ac9d58aebba"
         }
      ],
      "widgets": [
         {
            "collapsed": false,
            "config": {
               "chartViewItems": [],
               "isUpdatedView": true,
               "refreshContent": {"refreshContent": true},
               "refreshInterval": 300,
               "resource": {
                  "id": "Ext.vcops.chrome.model.Resource-6",
                  "resourceId": "resource:id:0_::_",
                  "resourceKindId": "002017KubernetesAdapterK8S-World",
                  "resourceName": "K8S-World",
                  "traversalSpecId": "Containers World-KubernetesAdapter-K8S-World"
               },
               "selectFirstRow": {"selectFirstRow": false},
               "selfProvider": {"selfProvider": true},
               "title": "새 목록 보기",
               "traversalSpecId": null,
               "viewDefinitionId": "fda2c99b-8ae4-4177-81d8-70037774e006"
            },
            "gridsterCoords": {
               "h": 4,
               "w": 6,
               "x": 1,
               "y": 1
            },
            "height": 210,
            "id": "6f43ae21-5d63-40a6-b96d-ec1ba2c7f905",
            "states": [
               {
                  "key": "permPageSize_widget_3d273de7-f8e9-4d51-8d88-e33399c1a722_6f43ae21-5d63-40a6-b96d-ec1ba2c7f905",
                  "value": "n%3A10"
               },
               {
                  "key": "permSelectedDate_widget_3d273de7-f8e9-4d51-8d88-e33399c1a722_6f43ae21-5d63-40a6-b96d-ec1ba2c7f905",
                  "value": "s%3A%7B%22minType%22%3A%22.TimeIntervalControl%22%2C%22advancedTimeMode%22%3Afalse%2C%22fromTime%22%3Anull%2C%22unit%22%3A%22MINUTES%22%2C%22count%22%3A5%2C%22priorUnit%22%3Anull%2C%22priorCount%22%3Anull%2C%22startSubUnit%22%3Anull%2C%22startPeriod%22%3Anull%2C%22toTime%22%3Anull%2C%22endUnit%22%3Anull%2C%22endCount%22%3Anull%2C%22endSubUnit%22%3Anull%2C%22endPeriod%22%3Anull%2C%22isRealTimeData%22%3Anull%2C%22mondayHours%22%3A%5B%5D%2C%22tuesdayHours%22%3A%5B%5D%2C%22wednesdayHours%22%3A%5B%5D%2C%22thursdayHours%22%3A%5B%5D%2C%22fridayHours%22%3A%5B%5D%2C%22saturdayHours%22%3A%5B%5D%2C%22sundayHours%22%3A%5B%5D%7D"
               }
            ],
            "title": "새 목록 보기",
            "type": "View"
         },
         {
            "collapsed": false,
            "config": {
               "customFilter": {
                  "excludedResources": null,
                  "filter": [],
                  "includedResources": null
               },
               "depth": "3,3",
               "filterMode": "tagPicker",
               "refreshContent": {"refreshContent": false},
               "refreshInterval": 300,
               "resourceId": null,
               "resourceName": null,
               "selfProvider": {"selfProvider": false},
               "tagFilter": {
                  "path": [
                     "/source/kind/kind:resourceKind:id:0_::_",
                     "/source/kind/kind:resourceKind:id:1_::_",
                     "/source/kind/kind:resourceKind:id:2_::_",
                     "/source/kind/kind:resourceKind:id:3_::_",
                     "/source/kind/kind:resourceKind:id:4_::_",
                     "/source/kind/kind:resourceKind:id:5_::_",
                     "/source/kind/kind:resourceKind:id:6_::_",
                     "/source/kind/kind:resourceKind:id:7_::_",
                     "/source/kind/kind:resourceKind:id:8_::_",
                     "/source/kind/kind:resourceKind:id:9_::_",
                     "/source/kind/kind:resourceKind:id:10_::_",
                     "/source/kind/kind:resourceKind:id:11_::_",
                     "/source/kind/kind:resourceKind:id:12_::_",
                     "/source/kind/kind:resourceKind:id:13_::_",
                     "/source/kind/kind:resourceKind:id:14_::_",
                     "/source/kind/kind:resourceKind:id:15_::_",
                     "/source/kind/kind:resourceKind:id:16_::_",
                     "/source/kind/kind:resourceKind:id:17_::_",
                     "/source/kind/kind:resourceKind:id:18_::_",
                     "/source/kind/kind:resourceKind:id:19_::_",
                     "/source/kind/kind:resourceKind:id:20_::_",
                     "/source/kind/kind:resourceKind:id:21_::_",
                     "/source/kind/kind:resourceKind:id:22_::_",
                     "/source/kind/kind:resourceKind:id:23_::_",
                     "/source/kind/kind:resourceKind:id:24_::_",
                     "/source/kind/kind:resourceKind:id:25_::_",
                     "/source/kind/kind:resourceKind:id:26_::_",
                     "/source/kind/kind:resourceKind:id:27_::_",
                     "/source/kind/kind:resourceKind:id:28_::_",
                     "/source/kind/kind:resourceKind:id:29_::_"
                  ],
                  "value": {
                     "adapterInstance": [],
                     "adapterKind": [],
                     "bus": [],
                     "collector": [],
                     "day": [],
                     "exclaim": false,
                     "healthRange": [],
                     "kind": [
                        "resourceKind:id:0_::_",
                        "resourceKind:id:1_::_",
                        "resourceKind:id:2_::_",
                        "resourceKind:id:3_::_",
                        "resourceKind:id:4_::_",
                        "resourceKind:id:5_::_",
                        "resourceKind:id:6_::_",
                        "resourceKind:id:7_::_",
                        "resourceKind:id:8_::_",
                        "resourceKind:id:9_::_",
                        "resourceKind:id:10_::_",
                        "resourceKind:id:11_::_",
                        "resourceKind:id:12_::_",
                        "resourceKind:id:13_::_",
                        "resourceKind:id:14_::_",
                        "resourceKind:id:15_::_",
                        "resourceKind:id:16_::_",
                        "resourceKind:id:17_::_",
                        "resourceKind:id:18_::_",
                        "resourceKind:id:19_::_",
                        "resourceKind:id:20_::_",
                        "resourceKind:id:21_::_",
                        "resourceKind:id:22_::_",
                        "resourceKind:id:23_::_",
                        "resourceKind:id:24_::_",
                        "resourceKind:id:25_::_",
                        "resourceKind:id:26_::_",
                        "resourceKind:id:27_::_",
                        "resourceKind:id:28_::_",
                        "resourceKind:id:29_::_"
                     ],
                     "maintenanceSchedule": [],
                     "state": [],
                     "status": [],
                     "tag": [],
                     "tier": []
                  }
               },
               "title": "개체 관계(고급)",
               "traversalSpecId": ""
            },
            "gridsterCoords": {
               "h": 16,
               "w": 6,
               "x": 1,
               "y": 5
            },
            "height": 893,
            "id": "06184b78-343a-42e1-bcf8-a602bfebd16b",
            "states": [{
               "key": "perm_ResourceRelationshipTree_widget_3d273de7-f8e9-4d51-8d88-e33399c1a722_06184b78-343a-42e1-bcf8-a602bfebd16b",
               "value": "o%3A"
            }],
            "title": "개체 관계(고급)",
            "type": "ResourceRelationshipAdvanced"
         },
         {
            "collapsed": false,
            "config": {
               "configs": [{
                  "attributeKind": {"value": ""},
                  "color": {
                     "maxValue": 100,
                     "minValue": 0,
                     "thresholds": {
                        "colors": [
                           "#FF0000",
                           "#888800",
                           "#00FF00"
                        ],
                        "values": [
                           0,
                           50,
                           100
                        ]
                     }
                  },
                  "colorBy": {
                     "metricKey": "badge|health",
                     "value": "Badge|Health (%)"
                  },
                  "customFilter": {
                     "excludedResources": null,
                     "filter": [],
                     "includedResources": null
                  },
                  "filterMode": "tagPicker",
                  "focusOnGroups": true,
                  "groupBy": {
                     "adapterKind": "KubernetesAdapter",
                     "id": "004null002017KubernetesAdapterKubernetesAdapter Instance",
                     "parentId": "KubernetesAdapter",
                     "parentText": "Kubernetes",
                     "resourceKind": "KubernetesAdapter Instance",
                     "text": "Kubernetes Adapter Instance",
                     "type": "resourceKind",
                     "typeId": "resourceKind:id:29_::_"
                  },
                  "mode": {"mode": false},
                  "name": "Container Heatmap",
                  "relationalGrouping": false,
                  "resourceKind": "resourceKind:id:30_::_",
                  "sizeBy": {
                     "metricKey": "Cpu|UsagePct|Total",
                     "value": "CPU|Usage (%)|Total"
                  },
                  "solidColoring": false,
                  "tagFilter": null,
                  "thenBy": {
                     "adapterKind": "KubernetesAdapter",
                     "id": "004null002017KubernetesAdapterK8S-Minion",
                     "parentId": "KubernetesAdapter",
                     "parentText": "Kubernetes",
                     "resourceKind": "K8S-Minion",
                     "text": "Kubernetes Node",
                     "type": "resourceKind",
                     "typeId": "resourceKind:id:24_::_"
                  }
               }],
               "depth": 10,
               "mode": "all",
               "refreshContent": {"refreshContent": false},
               "refreshInterval": 300,
               "relationshipMode": {"relationshipMode": [
                  1,
                  -1,
                  0
               ]},
               "resource": [],
               "selfProvider": {"selfProvider": false},
               "title": "히트 맵",
               "value": 0
            },
            "gridsterCoords": {
               "h": 7,
               "w": 6,
               "x": 7,
               "y": 1
            },
            "height": 381,
            "id": "0593937e-ddf5-42a0-9e15-c79cc642c6ee",
            "states": [{
               "key": "perm_HeatMap_widget_3d273de7-f8e9-4d51-8d88-e33399c1a722_0593937e-ddf5-42a0-9e15-c79cc642c6ee",
               "value": "o%3A"
            }],
            "title": "히트 맵",
            "type": "Heatmap"
         },
         {
            "collapsed": false,
            "config": {},
            "gridsterCoords": {
               "h": 8,
               "w": 2,
               "x": 7,
               "y": 13
            },
            "height": 437,
            "id": "56662fa9-a39b-4f5f-bd9c-83598b7cae48",
            "states": [
               {
                  "key": "permFetchCommonMetrics_permMetricPicker_widget_3d273de7-f8e9-4d51-8d88-e33399c1a722_56662fa9-a39b-4f5f-bd9c-83598b7cae48",
                  "value": "b%3A0"
               },
               {
                  "key": "permFetchPropertyMetrics_permMetricPicker_widget_3d273de7-f8e9-4d51-8d88-e33399c1a722_56662fa9-a39b-4f5f-bd9c-83598b7cae48",
                  "value": "b%3A0"
               },
               {
                  "key": "permMetricPicker_widget_3d273de7-f8e9-4d51-8d88-e33399c1a722_56662fa9-a39b-4f5f-bd9c-83598b7cae48",
                  "value": "o%3Acolumns%3Da%253Ao%25253Aid%25253Ds%2525253Ah1"
               },
               {
                  "key": "permFetchCollectingMetrics_permMetricPicker_widget_3d273de7-f8e9-4d51-8d88-e33399c1a722_56662fa9-a39b-4f5f-bd9c-83598b7cae48",
                  "value": "b%3A0"
               }
            ],
            "title": "메트릭 선택",
            "type": "MetricPicker"
         },
         {
            "collapsed": false,
            "config": {},
            "gridsterCoords": {
               "h": 8,
               "w": 4,
               "x": 9,
               "y": 13
            },
            "height": 437,
            "id": "c78f3a19-20e1-4c99-92e1-6d9ffe1f4d4b",
            "states": [
               {
                  "key": "permMetricChart_widget_3d273de7-f8e9-4d51-8d88-e33399c1a722_c78f3a19-20e1-4c99-92e1-6d9ffe1f4d4b",
                  "value": "o%3A"
               },
               {
                  "key": "perm_toolbarVisible_widget_3d273de7-f8e9-4d51-8d88-e33399c1a722_c78f3a19-20e1-4c99-92e1-6d9ffe1f4d4b",
                  "value": "b%3A1"
               },
               {
                  "key": "permDateRange1_permMetricChart_widget_3d273de7-f8e9-4d51-8d88-e33399c1a722_c78f3a19-20e1-4c99-92e1-6d9ffe1f4d4b",
                  "value": "s%3A%7B%22dateRange%22%3A%22dashboardTime%22%2C%22dateFrom%22%3Anull%2C%22dateTo%22%3Anull%2C%22timeFrom%22%3Anull%2C%22timeTo%22%3Anull%7D"
               }
            ],
            "title": "메트릭 차트",
            "type": "MetricChart"
         },
         {
            "collapsed": false,
            "config": {
               "impactedBadge": "",
               "refreshContent": {"refreshContent": false},
               "refreshInterval": 300,
               "relationshipMode": {"relationshipMode": 0},
               "resource": null,
               "selfProvider": {"selfProvider": false},
               "title": "주요 경고",
               "topIssuesDisplayLimit": 5
            },
            "gridsterCoords": {
               "h": 5,
               "w": 6,
               "x": 7,
               "y": 8
            },
            "height": 267,
            "id": "b2a3eeb9-a37b-4c34-9897-4ac9d58aebba",
            "title": "주요 경고",
            "type": "ProblemAlertsList"
         }
      ]
   }],
   "entries": {
      "resource": [{
         "adapterKindKey": "KubernetesAdapter",
         "identifiers": [],
         "internalId": "resource:id:0_::_",
         "name": "K8S-World",
         "resourceKindKey": "K8S-World"
      }],
      "resourceKind": [
         {
            "adapterKindKey": "KubernetesAdapter",
            "internalId": "resourceKind:id:25_::_",
            "resourceKindKey": "K8S-Master"
         },
         {
            "adapterKindKey": "CASAdapter",
            "internalId": "resourceKind:id:28_::_",
            "resourceKindKey": "Project"
         },
         {
            "adapterKindKey": "VMWARE",
            "internalId": "resourceKind:id:10_::_",
            "resourceKindKey": "DistributedVirtualPortgroup"
         },
         {
            "adapterKindKey": "VMWARE",
            "internalId": "resourceKind:id:1_::_",
            "resourceKindKey": "VMFolder"
         },
         {
            "adapterKindKey": "VMWARE",
            "internalId": "resourceKind:id:8_::_",
            "resourceKindKey": "Datacenter"
         },
         {
            "adapterKindKey": "VMWARE",
            "internalId": "resourceKind:id:0_::_",
            "resourceKindKey": "VirtualMachine"
         },
         {
            "adapterKindKey": "CASAdapter",
            "internalId": "resourceKind:id:18_::_",
            "resourceKindKey": "Deployment"
         },
         {
            "adapterKindKey": "NSXTAdapter",
            "internalId": "resourceKind:id:17_::_",
            "resourceKindKey": "FirewallSectionGroup"
         },
         {
            "adapterKindKey": "SDDCHealthAdapter",
            "internalId": "resourceKind:id:23_::_",
            "resourceKindKey": "VCENTER"
         },
         {
            "adapterKindKey": "VMWARE",
            "internalId": "resourceKind:id:20_::_",
            "resourceKindKey": "Folder"
         },
         {
            "adapterKindKey": "NSXTAdapter",
            "internalId": "resourceKind:id:11_::_",
            "resourceKindKey": "LoadBalancerVirtualServerGroup"
         },
         {
            "adapterKindKey": "KubernetesAdapter",
            "internalId": "resourceKind:id:29_::_",
            "resourceKindKey": "KubernetesAdapter Instance"
         },
         {
            "adapterKindKey": "NSXTAdapter",
            "internalId": "resourceKind:id:5_::_",
            "resourceKindKey": "LogicalSwitchGroup"
         },
         {
            "adapterKindKey": "VMWARE",
            "internalId": "resourceKind:id:7_::_",
            "resourceKindKey": "Datastore"
         },
         {
            "adapterKindKey": "KubernetesAdapter",
            "internalId": "resourceKind:id:24_::_",
            "resourceKindKey": "K8S-Minion"
         },
         {
            "adapterKindKey": "NSXTAdapter",
            "internalId": "resourceKind:id:16_::_",
            "resourceKindKey": "FirewallSection"
         },
         {
            "adapterKindKey": "NSXTAdapter",
            "internalId": "resourceKind:id:13_::_",
            "resourceKindKey": "LoadBalancerService"
         },
         {
            "adapterKindKey": "NSXTAdapter",
            "internalId": "resourceKind:id:14_::_",
            "resourceKindKey": "LoadBalancerPool"
         },
         {
            "adapterKindKey": "VMWARE",
            "internalId": "resourceKind:id:15_::_",
            "resourceKindKey": "ResourcePool"
         },
         {
            "adapterKindKey": "VMWARE",
            "internalId": "resourceKind:id:9_::_",
            "resourceKindKey": "StoragePod"
         },
         {
            "adapterKindKey": "PKSAdapter",
            "internalId": "resourceKind:id:26_::_",
            "resourceKindKey": "KUBE_CLUSTER"
         },
         {
            "adapterKindKey": "KubernetesAdapter",
            "internalId": "resourceKind:id:27_::_",
            "resourceKindKey": "K8S-Namespace"
         },
         {
            "adapterKindKey": "NSXTAdapter",
            "internalId": "resourceKind:id:12_::_",
            "resourceKindKey": "LoadBalancerVirtualServer"
         },
         {
            "adapterKindKey": "VMWARE",
            "internalId": "resourceKind:id:21_::_",
            "resourceKindKey": "HostSystem"
         },
         {
            "adapterKindKey": "VMWARE",
            "internalId": "resourceKind:id:22_::_",
            "resourceKindKey": "VMwareAdapter Instance"
         },
         {
            "adapterKindKey": "KubernetesAdapter",
            "internalId": "resourceKind:id:30_::_",
            "resourceKindKey": "Container"
         },
         {
            "adapterKindKey": "VMWARE",
            "internalId": "resourceKind:id:6_::_",
            "resourceKindKey": "Namespace"
         },
         {
            "adapterKindKey": "NSXTAdapter",
            "internalId": "resourceKind:id:3_::_",
            "resourceKindKey": "LogicalRouter"
         },
         {
            "adapterKindKey": "VMWARE",
            "internalId": "resourceKind:id:19_::_",
            "resourceKindKey": "ClusterComputeResource"
         },
         {
            "adapterKindKey": "NSXTAdapter",
            "internalId": "resourceKind:id:4_::_",
            "resourceKindKey": "LogicalSwitch"
         },
         {
            "adapterKindKey": "NSXTAdapter",
            "internalId": "resourceKind:id:2_::_",
            "resourceKindKey": "LogicalRouterGroup"
         }
      ]
   },
   "uuid": "66cec256-965e-430c-8642-746b8d3a9cab"
}